GEOID,State,County,Median_HH_Inc_ACS
1001,AL,Autauga,58731
1003,AL,Baldwin,58320
1005,AL,Barbour,32525
1007,AL,Bibb,47542
1009,AL,Blount,49358
1011,AL,Bullock,37785
1013,AL,Butler,40688
1015,AL,Calhoun,47255
1017,AL,Chambers,42289
1019,AL,Cherokee,41919
1021,AL,Chilton,47468
1023,AL,Choctaw,35892
1025,AL,Clarke,37404
1027,AL,Clay,40845
1029,AL,Cleburne,44741
1031,AL,Coffee,55637
1033,AL,Colbert,48065
1035,AL,Conecuh,37837
1037,AL,Coosa,38990
1039,AL,Covington,42189
1041,AL,Crenshaw,43163
1043,AL,Cullman,44918
1045,AL,Dale,47214
1047,AL,Dallas,33845
1049,AL,DeKalb,40440
1051,AL,Elmore,60891
1053,AL,Escambia,36275
1055,AL,Etowah,44637
1057,AL,Fayette,39856
1059,AL,Franklin,43514
1061,AL,Geneva,41732
1063,AL,Greene,24145
1065,AL,Hale,34046
1067,AL,Henry,50017
1069,AL,Houston,47580
1071,AL,Jackson,41769
1073,AL,Jefferson,53901
1075,AL,Lamar,38364
1077,AL,Lauderdale,48094
1079,AL,Lawrence,44886
1081,AL,Lee,51463
1083,AL,Limestone,59686
1085,AL,Lowndes,30036
1087,AL,Macon,33370
1089,AL,Madison,65449
1091,AL,Marengo,33241
1093,AL,Marion,35930
1095,AL,Marshall,45983
1097,AL,Mobile,47583
1099,AL,Monroe,30441
1101,AL,Montgomery,50124
1103,AL,Morgan,52156
1105,AL,Perry,23447
1107,AL,Pickens,39848
1109,AL,Pike,37446
1111,AL,Randolph,43395
1113,AL,Russell,42443
1115,AL,St. Clair,58308
1117,AL,Shelby,77799
1119,AL,Sumter,24320
1121,AL,Talladega,41325
1123,AL,Tallapoosa,45828
1125,AL,Tuscaloosa,53326
1127,AL,Walker,43629
1129,AL,Washington,41370
1131,AL,Wilcox,31014
1133,AL,Winston,35788
2010,AK,Aleutian Islands,
2013,AK,Aleutians East,69250
2016,AK,Aleutians West,87466
2020,AK,Anchorage,84928
2050,AK,Bethel,53553
2060,AK,Bristol Bay,79808
2068,AK,Denali,81719
2070,AK,Dillingham,56898
2090,AK,Fairbanks North Star,76992
2100,AK,Haines,58059
2105,AK,Hoonah-Angoon,59803
2110,AK,Juneau ,88390
2122,AK,Kenai Peninsula,66064
2130,AK,Ketchikan Gateway,72728
2150,AK,Kodiak Island,85839
2158,AK,Kusilvak,36754
2164,AK,Lake and Peninsula,44135
2170,AK,Matanuska-Susitna,75493
2180,AK,Nome,61048
2185,AK,North Slope,79306
2188,AK,Northwest Arctic,60906
2195,AK,Petersburg,69948
2198,AK,Prince of Wales-Hyder,52379
2201,AK,Prince of Wales-Outer Ketchikan,
2220,AK,Sitka ,73682
2230,AK,Skagway,73906
2232,AK,Skagway-Hoonah-Angoon,
2240,AK,Southeast Fairbanks,70056
2261,AK,Valdez-Cordova,79867
2275,AK,Wrangell ,53894
2280,AK,Wrangell-Petersburg,
2282,AK,Yakutat ,71607
2290,AK,Yukon-Koyukuk,41413
4001,AZ,Apache,32508
4003,AZ,Cochise,49260
4005,AZ,Coconino,59460
4007,AZ,Gila,43524
4009,AZ,Graham,51353
4011,AZ,Greenlee,63473
4012,AZ,La Paz,34643
4013,AZ,Maricopa,64468
4015,AZ,Mohave,45587
4017,AZ,Navajo,40067
4019,AZ,Pima,53379
4021,AZ,Pinal,58174
4023,AZ,Santa Cruz,41259
4025,AZ,Yavapai,52451
4027,AZ,Yuma,45243
5001,AR,Arkansas,46696
5003,AR,Ashley,44744
5005,AR,Baxter,42260
5007,AR,Benton,66362
5009,AR,Boone,45374
5011,AR,Bradley,43184
5013,AR,Calhoun,46417
5015,AR,Carroll,46110
5017,AR,Chicot,34147
5019,AR,Clark,41620
5021,AR,Clay,37233
5023,AR,Cleburne,44483
5025,AR,Cleveland,46684
5027,AR,Columbia,36193
5029,AR,Conway,42802
5031,AR,Craighead,47286
5033,AR,Crawford,46828
5035,AR,Crittenden,40161
5037,AR,Cross,46787
5039,AR,Dallas,38072
5041,AR,Desha,31893
5043,AR,Drew,46997
5045,AR,Faulkner,52827
5047,AR,Franklin,38923
5049,AR,Fulton,35405
5051,AR,Garland,44777
5053,AR,Grant,55388
5055,AR,Greene,47056
5057,AR,Hempstead,42860
5059,AR,Hot Spring,43889
5061,AR,Howard,36059
5063,AR,Independence,44319
5065,AR,Izard,42876
5067,AR,Jackson,34109
5069,AR,Jefferson,40726
5071,AR,Johnson,38511
5073,AR,Lafayette,32397
5075,AR,Lawrence,39993
5077,AR,Lee,29681
5079,AR,Lincoln,46596
5081,AR,Little River,45113
5083,AR,Logan,41466
5085,AR,Lonoke,59094
5087,AR,Madison,41682
5089,AR,Marion,36719
5091,AR,Miller,43371
5093,AR,Mississippi,39962
5095,AR,Monroe,38468
5097,AR,Montgomery,35741
5099,AR,Nevada,38042
5101,AR,Newton,38082
5103,AR,Ouachita,35425
5105,AR,Perry,48667
5107,AR,Phillips,29320
5109,AR,Pike,40401
5111,AR,Poinsett,40921
5113,AR,Polk,37974
5115,AR,Pope,43462
5117,AR,Prairie,42660
5119,AR,Pulaski,51749
5121,AR,Randolph,37218
5123,AR,St. Francis,35348
5125,AR,Saline,64412
5127,AR,Scott,36092
5129,AR,Searcy,36438
5131,AR,Sebastian,46228
5133,AR,Sevier,47704
5135,AR,Sharp,34671
5137,AR,Stone,38188
5139,AR,Union,44663
5141,AR,Van Buren,38499
5143,AR,Washington,50451
5145,AR,White,44029
5147,AR,Woodruff,32845
5149,AR,Yell,43923
6001,CA,Alameda,99406
6003,CA,Alpine,63750
6005,CA,Amador,62772
6007,CA,Butte,52537
6009,CA,Calaveras,63158
6011,CA,Colusa,59401
6013,CA,Contra Costa,99716
6015,CA,Del Norte,45283
6017,CA,El Dorado,83377
6019,CA,Fresno,53969
6021,CA,Glenn,49633
6023,CA,Humboldt,48041
6025,CA,Imperial,47622
6027,CA,Inyo,57316
6029,CA,Kern,53350
6031,CA,Kings,57848
6033,CA,Lake,47040
6035,CA,Lassen,56352
6037,CA,Los Angeles,68044
6039,CA,Madera,57585
6041,CA,Marin,115246
6043,CA,Mariposa,48820
6045,CA,Mendocino,51416
6047,CA,Merced,53672
6049,CA,Modoc,45507
6051,CA,Mono,62260
6053,CA,Monterey,71015
6055,CA,Napa,88596
6057,CA,Nevada,66096
6059,CA,Orange,90234
6061,CA,Placer,89691
6063,CA,Plumas,55359
6065,CA,Riverside,67005
6067,CA,Sacramento,67151
6069,CA,San Benito,86958
6071,CA,San Bernardino,63362
6073,CA,San Diego,78980
6075,CA,San Francisco,112449
6077,CA,San Joaquin,64432
6079,CA,San Luis Obispo,73518
6081,CA,San Mateo,122641
6083,CA,Santa Barbara,74624
6085,CA,Santa Clara,124055
6087,CA,Santa Cruz,82234
6089,CA,Shasta,54667
6091,CA,Sierra,52148
6093,CA,Siskiyou,45241
6095,CA,Solano,81472
6097,CA,Sonoma,81018
6099,CA,Stanislaus,60704
6101,CA,Sutter,59050
6103,CA,Tehama,44514
6105,CA,Trinity,40846
6107,CA,Tulare,49687
6109,CA,Tuolumne,60108
6111,CA,Ventura,88131
6113,CA,Yolo,70228
6115,CA,Yuba,58054
8001,CO,Adams,71202
8003,CO,Alamosa,37515
8005,CO,Arapahoe,77469
8007,CO,Archuleta,52221
8009,CO,Baca,35878
8011,CO,Bent,30900
8013,CO,Boulder,83019
8014,CO,Broomfield,96416
8015,CO,Chaffee,55771
8017,CO,Cheyenne,53977
8019,CO,Clear Creek,67060
8021,CO,Conejos,36084
8023,CO,Costilla,30965
8025,CO,Crowley,42135
8027,CO,Custer,53119
8029,CO,Delta,45269
8031,CO,Denver,68592
8033,CO,Dolores,45972
8035,CO,Douglas,119730
8037,CO,Eagle,84790
8039,CO,Elbert,99199
8041,CO,El Paso,68779
8043,CO,Fremont,49409
8045,CO,Garfield,75937
8047,CO,Gilpin,76429
8049,CO,Grand,71198
8051,CO,Gunnison,56577
8053,CO,Hinsdale,56339
8055,CO,Huerfano,38137
8057,CO,Jackson,53300
8059,CO,Jefferson,82986
8061,CO,Kiowa,41731
8063,CO,Kit Carson,49349
8065,CO,Lake,50565
8067,CO,La Plata,68685
8069,CO,Larimer,71881
8071,CO,Las Animas,41817
8073,CO,Lincoln,47258
8075,CO,Logan,53318
8077,CO,Mesa,55379
8079,CO,Mineral,62188
8081,CO,Moffat,57229
8083,CO,Montezuma,49470
8085,CO,Montrose,50489
8087,CO,Morgan,53682
8089,CO,Otero,38169
8091,CO,Ouray,66417
8093,CO,Park,73622
8095,CO,Phillips,51155
8097,CO,Pitkin,78935
8099,CO,Prowers,41929
8101,CO,Pueblo,46783
8103,CO,Rio Blanco,54357
8105,CO,Rio Grande,39123
8107,CO,Routt,77443
8109,CO,Saguache,38571
8111,CO,San Juan,54625
8113,CO,San Miguel,67038
8115,CO,Sedgwick,43150
8117,CO,Summit,79277
8119,CO,Teller,66592
8121,CO,Washington,50094
8123,CO,Weld,74150
8125,CO,Yuma,52022
9001,CT,Fairfield,95645
9003,CT,Hartford,75148
9005,CT,Litchfield,79906
9007,CT,Middlesex,85898
9009,CT,New Haven,69905
9011,CT,New London,73490
9013,CT,Tolland,87069
9015,CT,Windham,66550
10001,DE,Kent,60910
10003,DE,New Castle,73892
10005,DE,Sussex,63162
11001,DC,District of Columbia,86420
12001,FL,Alachua,49689
12003,FL,Baker,63275
12005,FL,Bay,54316
12007,FL,Bradford,45921
12009,FL,Brevard,56775
12011,FL,Broward,59547
12013,FL,Calhoun,38568
12015,FL,Charlotte,51499
12017,FL,Citrus,44237
12019,FL,Clay,65740
12021,FL,Collier,69653
12023,FL,Columbia,46494
12027,FL,DeSoto,35438
12029,FL,Dixie,39828
12031,FL,Duval,55807
12033,FL,Escambia,50915
12035,FL,Flagler,54514
12037,FL,Franklin,46643
12039,FL,Gadsden,41401
12041,FL,Gilchrist,43640
12043,FL,Glades,40977
12045,FL,Gulf,47712
12047,FL,Hamilton,38569
12049,FL,Hardee,38682
12051,FL,Hendry,40820
12053,FL,Hernando,48812
12055,FL,Highlands,40942
12057,FL,Hillsborough,58884
12059,FL,Holmes,39102
12061,FL,Indian River,54740
12063,FL,Jackson,39872
12065,FL,Jefferson,47240
12067,FL,Lafayette,50165
12069,FL,Lake,54513
12071,FL,Lee,57832
12073,FL,Leon,53106
12075,FL,Levy,37326
12077,FL,Liberty,38015
12079,FL,Madison,37037
12081,FL,Manatee,59009
12083,FL,Marion,45371
12085,FL,Martin,61133
12086,FL,Miami-Dade,51347
12087,FL,Monroe,70033
12089,FL,Nassau,69943
12091,FL,Okaloosa,63412
12093,FL,Okeechobee,41760
12095,FL,Orange,58254
12097,FL,Osceola,52279
12099,FL,Palm Beach,63299
12101,FL,Pasco,52828
12103,FL,Pinellas,54090
12105,FL,Polk,50584
12107,FL,Putnam,37670
12109,FL,St. Johns,82252
12111,FL,St. Lucie,52322
12113,FL,Santa Rosa,67949
12115,FL,Sarasota,62236
12117,FL,Seminole,66768
12119,FL,Sumter,57226
12121,FL,Suwannee,47839
12123,FL,Taylor,40306
12125,FL,Union,44270
12127,FL,Volusia,49494
12129,FL,Wakulla,61410
12131,FL,Walton,58093
12133,FL,Washington,37022
13001,GA,Appling,40304
13003,GA,Atkinson,37197
13005,GA,Bacon,37519
13007,GA,Baker,32917
13009,GA,Baldwin,43672
13011,GA,Banks,47811
13013,GA,Barrow,62345
13015,GA,Bartow,57423
13017,GA,Ben Hill,32229
13019,GA,Berrien,40415
13021,GA,Bibb,41334
13023,GA,Bleckley,48174
13025,GA,Brantley,38857
13027,GA,Brooks,38285
13029,GA,Bryan,72624
13031,GA,Bulloch,45550
13033,GA,Burke,44151
13035,GA,Butts,43471
13037,GA,Calhoun,34167
13039,GA,Camden,56951
13043,GA,Candler,33736
13045,GA,Carroll,53737
13047,GA,Catoosa,56235
13049,GA,Charlton,41961
13051,GA,Chatham,56842
13053,GA,Chattahoochee,47096
13055,GA,Chattooga,36807
13057,GA,Cherokee,82740
13059,GA,Clarke,38623
13061,GA,Clay,22325
13063,GA,Clayton,47864
13065,GA,Clinch,27658
13067,GA,Cobb,77932
13069,GA,Coffee,40859
13071,GA,Colquitt,36435
13073,GA,Columbia,82339
13075,GA,Cook,41854
13077,GA,Coweta,75913
13079,GA,Crawford,46283
13081,GA,Crisp,36042
13083,GA,Dade,42581
13085,GA,Dawson,66281
13087,GA,Decatur,41481
13089,GA,DeKalb,62399
13091,GA,Dodge,39302
13093,GA,Dooly,37340
13095,GA,Dougherty,39584
13097,GA,Douglas,63835
13099,GA,Early,30640
13101,GA,Echols,39494
13103,GA,Effingham,66822
13105,GA,Elbert,38678
13107,GA,Emanuel,37453
13109,GA,Evans,42607
13111,GA,Fannin,47997
13113,GA,Fayette,90145
13115,GA,Floyd,48336
13117,GA,Forsyth,107218
13119,GA,Franklin,42488
13121,GA,Fulton,69673
13123,GA,Gilmer,52625
13125,GA,Glascock,45000
13127,GA,Glynn,52977
13129,GA,Gordon,45865
13131,GA,Grady,43531
13133,GA,Greene,52129
13135,GA,Gwinnett,71026
13137,GA,Habersham,50563
13139,GA,Hall,62984
13141,GA,Hancock,31860
13143,GA,Haralson,48550
13145,GA,Harris,76319
13147,GA,Hart,43204
13149,GA,Heard,51358
13151,GA,Henry,71288
13153,GA,Houston,61723
13155,GA,Irwin,37736
13157,GA,Jackson,65385
13159,GA,Jasper,51250
13161,GA,Jeff Davis,36669
13163,GA,Jefferson,33944
13165,GA,Jenkins,27375
13167,GA,Johnson,42446
13169,GA,Jones,56020
13171,GA,Lamar,44846
13173,GA,Lanier,40986
13175,GA,Laurens,39120
13177,GA,Lee,69280
13179,GA,Liberty,48007
13181,GA,Lincoln,39742
13183,GA,Long,54605
13185,GA,Lowndes,42441
13187,GA,Lumpkin,51790
13189,GA,McDuffie,43468
13191,GA,McIntosh,49504
13193,GA,Macon,32161
13195,GA,Madison,52500
13197,GA,Marion,44643
13199,GA,Meriwether,37121
13201,GA,Miller,44542
13205,GA,Mitchell,38116
13207,GA,Monroe,54754
13209,GA,Montgomery,41996
13211,GA,Morgan,66178
13213,GA,Murray,48033
13215,GA,Muscogee,46408
13217,GA,Newton,56316
13219,GA,Oconee,90751
13221,GA,Oglethorpe,47120
13223,GA,Paulding,68370
13225,GA,Peach,46636
13227,GA,Pickens,67631
13229,GA,Pierce,42804
13231,GA,Pike,64878
13233,GA,Polk,44891
13235,GA,Pulaski,45148
13237,GA,Putnam,51606
13239,GA,Quitman,26667
13241,GA,Rabun,42500
13243,GA,Randolph,31699
13245,GA,Richmond,42728
13247,GA,Rockdale,60189
13249,GA,Schley,44448
13251,GA,Screven,39842
13253,GA,Seminole,33357
13255,GA,Spalding,47111
13257,GA,Stephens,47164
13259,GA,Stewart,29732
13261,GA,Sumter,36681
13263,GA,Talbot,38549
13265,GA,Taliaferro,37446
13267,GA,Tattnall,40730
13269,GA,Taylor,33832
13271,GA,Telfair,32405
13273,GA,Terrell,34768
13275,GA,Thomas,43740
13277,GA,Tift,45639
13279,GA,Toombs,40175
13281,GA,Towns,48219
13283,GA,Treutlen,32241
13285,GA,Troup,45649
13287,GA,Turner,37039
13289,GA,Twiggs,34879
13291,GA,Union,50021
13293,GA,Upson,37640
13295,GA,Walker,46157
13297,GA,Walton,61599
13299,GA,Ware,36869
13301,GA,Warren,37203
13303,GA,Washington,38068
13305,GA,Wayne,45483
13307,GA,Webster,37297
13309,GA,Wheeler,30192
13311,GA,White,52493
13313,GA,Whitfield,48623
13315,GA,Wilcox,36964
13317,GA,Wilkes,37838
13319,GA,Wilkinson,38996
13321,GA,Worth,45398
15001,HI,Hawaii,62409
15003,HI,Honolulu,85857
15005,HI,Kalawao,69375
15007,HI,Kauai,83554
15009,HI,Maui,80948
16001,ID,Ada,66293
16003,ID,Adams,48856
16005,ID,Bannock,51734
16007,ID,Bear Lake,54167
16009,ID,Benewah,47556
16011,ID,Bingham,55472
16013,ID,Blaine,56694
16015,ID,Boise,59646
16017,ID,Bonner,50256
16019,ID,Bonneville,60615
16021,ID,Boundary,43423
16023,ID,Butte,42132
16025,ID,Camas,39688
16027,ID,Canyon,52134
16029,ID,Caribou,59053
16031,ID,Cassia,52935
16033,ID,Clark,46154
16035,ID,Clearwater,43915
16037,ID,Custer,40875
16039,ID,Elmore,46855
16041,ID,Franklin,57215
16043,ID,Fremont,58065
16045,ID,Gem,45492
16047,ID,Gooding,47204
16049,ID,Idaho,41516
16051,ID,Jefferson,63048
16053,ID,Jerome,52921
16055,ID,Kootenai,57242
16057,ID,Latah,49158
16059,ID,Lemhi,39324
16061,ID,Lewis,41198
16063,ID,Lincoln,50053
16065,ID,Madison,39160
16067,ID,Minidoka,53370
16069,ID,Nez Perce,58107
16071,ID,Oneida,53841
16073,ID,Owyhee,43798
16075,ID,Payette,50579
16077,ID,Power,48823
16079,ID,Shoshone,39386
16081,ID,Teton,74216
16083,ID,Twin Falls,52919
16085,ID,Valley,64475
16087,ID,Washington,40992
17001,IL,Adams,52993
17003,IL,Alexander,36806
17005,IL,Bond,57289
17007,IL,Boone,69272
17009,IL,Brown,61655
17011,IL,Bureau,57436
17013,IL,Calhoun,63009
17015,IL,Carroll,52410
17017,IL,Cass,52373
17019,IL,Champaign,52797
17021,IL,Christian,52834
17023,IL,Clark,56531
17025,IL,Clay,48500
17027,IL,Clinton,66639
17029,IL,Coles,46202
17031,IL,Cook,64660
17033,IL,Crawford,49779
17035,IL,Cumberland,56206
17037,IL,DeKalb,63317
17039,IL,De Witt,55587
17041,IL,Douglas,56714
17043,IL,DuPage,92809
17045,IL,Edgar,53647
17047,IL,Edwards,51080
17049,IL,Effingham,56685
17051,IL,Fayette,46650
17053,IL,Ford,52092
17055,IL,Franklin,42769
17057,IL,Fulton,51643
17059,IL,Gallatin,44076
17061,IL,Greene,49885
17063,IL,Grundy,77350
17065,IL,Hamilton,54046
17067,IL,Hancock,52561
17069,IL,Hardin,51250
17071,IL,Henderson,53676
17073,IL,Henry,59933
17075,IL,Iroquois,52700
17077,IL,Jackson,37241
17079,IL,Jasper,54256
17081,IL,Jefferson,49896
17083,IL,Jersey,63028
17085,IL,Jo Daviess,57946
17087,IL,Johnson,52774
17089,IL,Kane,79394
17091,IL,Kankakee,58902
17093,IL,Kendall,96563
17095,IL,Knox,44129
17097,IL,Lake,89427
17099,IL,LaSalle,58142
17101,IL,Lawrence,46636
17103,IL,Lee,58194
17105,IL,Livingston,55160
17107,IL,Logan,57308
17109,IL,McDonough,44471
17111,IL,McHenry,86799
17113,IL,McLean,67675
17115,IL,Macon,50480
17117,IL,Macoupin,55159
17119,IL,Madison,60738
17121,IL,Marion,47519
17123,IL,Marshall,58465
17125,IL,Mason,48417
17127,IL,Massac,47481
17129,IL,Menard,74684
17131,IL,Mercer,59787
17133,IL,Monroe,85747
17135,IL,Montgomery,52748
17137,IL,Morgan,51437
17139,IL,Moultrie,61456
17141,IL,Ogle,60986
17143,IL,Peoria,55842
17145,IL,Perry,52428
17147,IL,Piatt,70849
17149,IL,Pike,47492
17151,IL,Pope,38056
17153,IL,Pulaski,34640
17155,IL,Putnam,63638
17157,IL,Randolph,53816
17159,IL,Richland,48894
17161,IL,Rock Island,54858
17163,IL,St. Clair,55179
17165,IL,Saline,44090
17167,IL,Sangamon,61912
17169,IL,Schuyler,52357
17171,IL,Scott,57118
17173,IL,Shelby,52953
17175,IL,Stark,54907
17177,IL,Stephenson,48805
17179,IL,Tazewell,63454
17181,IL,Union,50625
17183,IL,Vermilion,46515
17185,IL,Wabash,50770
17187,IL,Warren,50310
17189,IL,Washington,61763
17191,IL,Wayne,50251
17193,IL,White,49290
17195,IL,Whiteside,54232
17197,IL,Will,86961
17199,IL,Williamson,50734
17201,IL,Winnebago,54489
17203,IL,Woodford,72808
18001,IN,Adams,52504
18003,IN,Allen,54857
18005,IN,Bartholomew,63431
18007,IN,Benton,49488
18009,IN,Blackford,43505
18011,IN,Boone,83077
18013,IN,Brown,61030
18015,IN,Carroll,54806
18017,IN,Cass,49415
18019,IN,Clark,55630
18021,IN,Clay,55637
18023,IN,Clinton,54286
18025,IN,Crawford,41662
18027,IN,Daviess,53629
18029,IN,Dearborn,68658
18031,IN,Decatur,57949
18033,IN,DeKalb,56421
18035,IN,Delaware,43512
18037,IN,Dubois,60666
18039,IN,Elkhart,57021
18041,IN,Fayette,46175
18043,IN,Floyd,64468
18045,IN,Fountain,52874
18047,IN,Franklin,62462
18049,IN,Fulton,52034
18051,IN,Gibson,55462
18053,IN,Grant,44356
18055,IN,Greene,51613
18057,IN,Hamilton,98173
18059,IN,Hancock,74072
18061,IN,Harrison,57712
18063,IN,Hendricks,81933
18065,IN,Henry,49832
18067,IN,Howard,52373
18069,IN,Huntington,53632
18071,IN,Jackson,51250
18073,IN,Jasper,63892
18075,IN,Jay,47658
18077,IN,Jefferson,52718
18079,IN,Jennings,54191
18081,IN,Johnson,72440
18083,IN,Knox,47380
18085,IN,Kosciusko,61366
18087,IN,LaGrange,64498
18089,IN,Lake,56128
18091,IN,LaPorte,53658
18093,IN,Lawrence,53610
18095,IN,Madison,49522
18097,IN,Marion,48316
18099,IN,Marshall,52658
18101,IN,Martin,52726
18103,IN,Miami,50657
18105,IN,Monroe,49839
18107,IN,Montgomery,55522
18109,IN,Morgan,64335
18111,IN,Newton,55356
18113,IN,Noble,56789
18115,IN,Ohio,60128
18117,IN,Orange,47917
18119,IN,Owen,49543
18121,IN,Parke,52618
18123,IN,Perry,52348
18125,IN,Pike,50194
18127,IN,Porter,71152
18129,IN,Posey,64196
18131,IN,Pulaski,49580
18133,IN,Putnam,61047
18135,IN,Randolph,48036
18137,IN,Ripley,56332
18139,IN,Rush,54346
18141,IN,St. Joseph,52769
18143,IN,Scott,48700
18145,IN,Shelby,60404
18147,IN,Spencer,57305
18149,IN,Starke,51190
18151,IN,Steuben,58279
18153,IN,Sullivan,50245
18155,IN,Switzerland,49383
18157,IN,Tippecanoe,53130
18159,IN,Tipton,58118
18161,IN,Union,50375
18163,IN,Vanderburgh,49708
18165,IN,Vermillion,50243
18167,IN,Vigo,45230
18169,IN,Wabash,54259
18171,IN,Warren,60553
18173,IN,Warrick,73482
18175,IN,Washington,47983
18177,IN,Wayne,46516
18179,IN,Wells,59237
18181,IN,White,54576
18183,IN,Whitley,61741
19001,IA,Adair,53363
19003,IA,Adams,49255
19005,IA,Allamakee,52216
19007,IA,Appanoose,40167
19009,IA,Audubon,52055
19011,IA,Benton,67729
19013,IA,Black Hawk,53539
19015,IA,Boone,64000
19017,IA,Bremer,70395
19019,IA,Buchanan,64837
19021,IA,Buena Vista,57125
19023,IA,Butler,57115
19025,IA,Calhoun,52323
19027,IA,Carroll,59212
19029,IA,Cass,50187
19031,IA,Cedar,67795
19033,IA,Cerro Gordo,53963
19035,IA,Cherokee,56550
19037,IA,Chickasaw,60034
19039,IA,Clarke,54427
19041,IA,Clay,50521
19043,IA,Clayton,53152
19045,IA,Clinton,51688
19047,IA,Crawford,55755
19049,IA,Dallas,88479
19051,IA,Davis,63404
19053,IA,Decatur,44462
19055,IA,Delaware,63750
19057,IA,Des Moines,51267
19059,IA,Dickinson,59969
19061,IA,Dubuque,63031
19063,IA,Emmet,51563
19065,IA,Fayette,51128
19067,IA,Floyd,50406
19069,IA,Franklin,56419
19071,IA,Fremont,56750
19073,IA,Greene,53050
19075,IA,Grundy,68038
19077,IA,Guthrie,61161
19079,IA,Hamilton,60910
19081,IA,Hancock,61761
19083,IA,Hardin,54196
19085,IA,Harrison,63854
19087,IA,Henry,53501
19089,IA,Howard,55060
19091,IA,Humboldt,54575
19093,IA,Ida,58427
19095,IA,Iowa,61443
19097,IA,Jackson,55967
19099,IA,Jasper,58952
19101,IA,Jefferson,47708
19103,IA,Johnson,62542
19105,IA,Jones,57549
19107,IA,Keokuk,52881
19109,IA,Kossuth,56073
19111,IA,Lee,49564
19113,IA,Linn,64903
19115,IA,Louisa,56673
19117,IA,Lucas,55205
19119,IA,Lyon,64982
19121,IA,Madison,66316
19123,IA,Mahaska,54825
19125,IA,Marion,61038
19127,IA,Marshall,56437
19129,IA,Mills,72079
19131,IA,Mitchell,58302
19133,IA,Monona,47605
19135,IA,Monroe,58269
19137,IA,Montgomery,51696
19139,IA,Muscatine,58453
19141,IA,O'Brien,53703
19143,IA,Osceola,59725
19145,IA,Page,51867
19147,IA,Palo Alto,52932
19149,IA,Plymouth,67297
19151,IA,Pocahontas,52448
19153,IA,Polk,67637
19155,IA,Pottawattamie,60065
19157,IA,Poweshiek,53852
19159,IA,Ringgold,55271
19161,IA,Sac,58232
19163,IA,Scott,61183
19165,IA,Shelby,58000
19167,IA,Sioux,69844
19169,IA,Story,56756
19171,IA,Tama,56037
19173,IA,Taylor,50431
19175,IA,Union,49900
19177,IA,Van Buren,48591
19179,IA,Wapello,46246
19181,IA,Warren,77048
19183,IA,Washington,62556
19185,IA,Wayne,44768
19187,IA,Webster,47466
19189,IA,Winnebago,49870
19191,IA,Winneshiek,65263
19193,IA,Woodbury,59224
19195,IA,Worth,57130
19197,IA,Wright,53333
20001,KS,Allen,45333
20003,KS,Anderson,50213
20005,KS,Atchison,50439
20007,KS,Barber,50174
20009,KS,Barton,49723
20011,KS,Bourbon,43917
20013,KS,Brown,48333
20015,KS,Butler,64782
20017,KS,Chase,45353
20019,KS,Chautauqua,40298
20021,KS,Cherokee,43175
20023,KS,Cheyenne,47639
20025,KS,Clark,53348
20027,KS,Clay,53929
20029,KS,Cloud,45373
20031,KS,Coffey,59583
20033,KS,Comanche,54821
20035,KS,Cowley,50102
20037,KS,Crawford,41004
20039,KS,Decatur,48125
20041,KS,Dickinson,49991
20043,KS,Doniphan,49703
20045,KS,Douglas,59435
20047,KS,Edwards,50902
20049,KS,Elk,38750
20051,KS,Ellis,52883
20053,KS,Ellsworth,54902
20055,KS,Finney,60798
20057,KS,Ford,51711
20059,KS,Franklin,56582
20061,KS,Geary,53133
20063,KS,Gove,48317
20065,KS,Graham,46375
20067,KS,Grant,53413
20069,KS,Gray,64930
20071,KS,Greeley,54112
20073,KS,Greenwood,41982
20075,KS,Hamilton,46944
20077,KS,Harper,49865
20079,KS,Harvey,57982
20081,KS,Haskell,55064
20083,KS,Hodgeman,61211
20085,KS,Jackson,57914
20087,KS,Jefferson,64864
20089,KS,Jewell,40676
20091,KS,Johnson,89087
20093,KS,Kearny,52599
20095,KS,Kingman,60469
20097,KS,Kiowa,53274
20099,KS,Labette,47643
20101,KS,Lane,52125
20103,KS,Leavenworth,73013
20105,KS,Lincoln,45076
20107,KS,Linn,48778
20109,KS,Logan,51740
20111,KS,Lyon,46338
20113,KS,McPherson,59089
20115,KS,Marion,52123
20117,KS,Marshall,51895
20119,KS,Meade,59316
20121,KS,Miami,71995
20123,KS,Mitchell,46203
20125,KS,Montgomery,45157
20127,KS,Morris,55658
20129,KS,Morton,47750
20131,KS,Nemaha,63216
20133,KS,Neosho,46291
20135,KS,Ness,56492
20137,KS,Norton,49038
20139,KS,Osage,54090
20141,KS,Osborne,51286
20143,KS,Ottawa,54784
20145,KS,Pawnee,49917
20147,KS,Phillips,50093
20149,KS,Pottawatomie,66835
20151,KS,Pratt,52327
20153,KS,Rawlins,53207
20155,KS,Reno,49936
20157,KS,Republic,47976
20159,KS,Rice,53012
20161,KS,Riley,51208
20163,KS,Rooks,49415
20165,KS,Rush,47981
20167,KS,Russell,44792
20169,KS,Saline,52200
20171,KS,Scott,65417
20173,KS,Sedgwick,56524
20175,KS,Seward,49291
20177,KS,Shawnee,56762
20179,KS,Sheridan,62885
20181,KS,Sherman,54754
20183,KS,Smith,43429
20185,KS,Stafford,49375
20187,KS,Stanton,52054
20189,KS,Stevens,57806
20191,KS,Sumner,55000
20193,KS,Thomas,60124
20195,KS,Trego,57966
20197,KS,Wabaunsee,61178
20199,KS,Wallace,63269
20201,KS,Washington,50588
20203,KS,Wichita,57978
20205,KS,Wilson,48341
20207,KS,Woodson,39643
20209,KS,Wyandotte,46881
21001,KY,Adair,38021
21003,KY,Allen,44036
21005,KY,Anderson,55334
21007,KY,Ballard,45048
21009,KY,Barren,41459
21011,KY,Bath,44898
21013,KY,Bell,26272
21015,KY,Boone,78327
21017,KY,Bourbon,49637
21019,KY,Boyd,48308
21021,KY,Boyle,46382
21023,KY,Bracken,49158
21025,KY,Breathitt,27344
21027,KY,Breckinridge,47190
21029,KY,Bullitt,63348
21031,KY,Butler,41763
21033,KY,Caldwell,44775
21035,KY,Calloway,42273
21037,KY,Campbell,63050
21039,KY,Carlisle,45109
21041,KY,Carroll,43524
21043,KY,Carter,34736
21045,KY,Casey,34819
21047,KY,Christian,43919
21049,KY,Clark,54953
21051,KY,Clay,26840
21053,KY,Clinton,32184
21055,KY,Crittenden,45244
21057,KY,Cumberland,35344
21059,KY,Daviess,51673
21061,KY,Edmonson,43401
21063,KY,Elliott,32306
21065,KY,Estill,31688
21067,KY,Fayette,57291
21069,KY,Fleming,44612
21071,KY,Floyd,32730
21073,KY,Franklin,56274
21075,KY,Fulton,30114
21077,KY,Gallatin,52167
21079,KY,Garrard,52631
21081,KY,Grant,48714
21083,KY,Graves,44043
21085,KY,Grayson,38612
21087,KY,Green,35899
21089,KY,Greenup,51655
21091,KY,Hancock,57217
21093,KY,Hardin,54367
21095,KY,Harlan,26478
21097,KY,Harrison,48438
21099,KY,Hart,38396
21101,KY,Henderson,48926
21103,KY,Henry,53926
21105,KY,Hickman,42929
21107,KY,Hopkins,47170
21109,KY,Jackson,32138
21111,KY,Jefferson,56586
21113,KY,Jessamine,58245
21115,KY,Johnson,37055
21117,KY,Kenton,64339
21119,KY,Knott,31198
21121,KY,Knox,30181
21123,KY,Larue,47643
21125,KY,Laurel,41526
21127,KY,Lawrence,32798
21129,KY,Lee,25275
21131,KY,Leslie,31627
21133,KY,Letcher,29886
21135,KY,Lewis,31147
21137,KY,Lincoln,42919
21139,KY,Livingston,50839
21141,KY,Logan,48014
21143,KY,Lyon,52528
21145,KY,McCracken,46080
21147,KY,McCreary,28105
21149,KY,McLean,51861
21151,KY,Madison,50060
21153,KY,Magoffin,28147
21155,KY,Marion,40107
21157,KY,Marshall,55113
21159,KY,Martin,41013
21161,KY,Mason,45377
21163,KY,Meade,56603
21165,KY,Menifee,39325
21167,KY,Mercer,55093
21169,KY,Metcalfe,37386
21171,KY,Monroe,34879
21173,KY,Montgomery,45516
21175,KY,Morgan,36134
21177,KY,Muhlenberg,43590
21179,KY,Nelson,60127
21181,KY,Nicholas,38149
21183,KY,Ohio,45564
21185,KY,Oldham,99128
21187,KY,Owen,48801
21189,KY,Owsley,30284
21191,KY,Pendleton,54375
21193,KY,Perry,33640
21195,KY,Pike,34856
21197,KY,Powell,37469
21199,KY,Pulaski,39998
21201,KY,Robertson,41902
21203,KY,Rockcastle,35720
21205,KY,Rowan,38230
21207,KY,Russell,38390
21209,KY,Scott,70817
21211,KY,Shelby,67056
21213,KY,Simpson,48623
21215,KY,Spencer,80166
21217,KY,Taylor,44522
21219,KY,Todd,44005
21221,KY,Trigg,50536
21223,KY,Trimble,53056
21225,KY,Union,46673
21227,KY,Warren,52270
21229,KY,Washington,53743
21231,KY,Wayne,34914
21233,KY,Webster,42119
21235,KY,Whitley,39005
21237,KY,Wolfe,24623
21239,KY,Woodford,63820
22001,LA,Acadia,43396
22003,LA,Allen,46446
22005,LA,Ascension,80527
22007,LA,Assumption,43759
22009,LA,Avoyelles,38565
22011,LA,Beauregard,53209
22013,LA,Bienville,30272
22015,LA,Bossier,54268
22017,LA,Caddo,41797
22019,LA,Calcasieu,51148
22021,LA,Caldwell,37691
22023,LA,Cameron,53423
22025,LA,Catahoula,40129
22027,LA,Claiborne,26776
22029,LA,Concordia,32500
22031,LA,De Soto,46006
22033,LA,East Baton Rouge,54948
22035,LA,East Carroll,22346
22037,LA,East Feliciana,51803
22039,LA,Evangeline,31965
22041,LA,Franklin,35282
22043,LA,Grant,42505
22045,LA,Iberia,46861
22047,LA,Iberville,50161
22049,LA,Jackson,39139
22051,LA,Jefferson,54032
22053,LA,Jefferson Davis,42105
22055,LA,Lafayette,56999
22057,LA,Lafourche,55506
22059,LA,La Salle,42104
22061,LA,Lincoln,35467
22063,LA,Livingston,63389
22065,LA,Madison,30350
22067,LA,Morehouse,32929
22069,LA,Natchitoches,28567
22071,LA,Orleans,41604
22073,LA,Ouachita,41121
22075,LA,Plaquemines,57204
22077,LA,Pointe Coupee,41480
22079,LA,Rapides,47269
22081,LA,Red River,33816
22083,LA,Richland,34029
22085,LA,Sabine,40336
22087,LA,St. Bernard,44661
22089,LA,St. Charles,69019
22091,LA,St. Helena,43886
22093,LA,St. James,51603
22095,LA,St. John the Baptist,57429
22097,LA,St. Landry,36403
22099,LA,St. Martin,48656
22101,LA,St. Mary,40485
22103,LA,St. Tammany,68905
22105,LA,Tangipahoa,47832
22107,LA,Tensas,27500
22109,LA,Terrebonne,48747
22111,LA,Union,44100
22113,LA,Vermilion,51945
22115,LA,Vernon,49141
22117,LA,Washington,37570
22119,LA,Webster,28951
22121,LA,West Baton Rouge,65385
22123,LA,West Carroll,38500
22125,LA,West Feliciana,59637
22127,LA,Winn,38353
23001,ME,Androscoggin,53509
23003,ME,Aroostook,41123
23005,ME,Cumberland,73072
23007,ME,Franklin,51422
23009,ME,Hancock,57178
23011,ME,Kennebec,55365
23013,ME,Knox,57751
23015,ME,Lincoln,57720
23017,ME,Oxford,49204
23019,ME,Penobscot,50808
23021,ME,Piscataquis,40890
23023,ME,Sagadahoc,63694
23025,ME,Somerset,44256
23027,ME,Waldo,51931
23029,ME,Washington,41347
23031,ME,York,67830
24001,MD,Allegany,45893
24003,MD,Anne Arundel,100798
24005,MD,Baltimore,76866
24009,MD,Calvert,109313
24011,MD,Caroline,58638
24013,MD,Carroll,96769
24015,MD,Cecil,76887
24017,MD,Charles,100003
24019,MD,Dorchester,52917
24021,MD,Frederick,97730
24023,MD,Garrett,52617
24025,MD,Harford,89147
24027,MD,Howard,121160
24029,MD,Kent,58598
24031,MD,Montgomery,108820
24033,MD,Prince George's,84920
24035,MD,Queen Anne's,97034
24037,MD,St. Mary's,89845
24039,MD,Somerset,37803
24041,MD,Talbot,73547
24043,MD,Washington,60860
24045,MD,Wicomico,56956
24047,MD,Worcester,63499
24510,MD,Baltimore,50379
25001,MA,Barnstable,74336
25003,MA,Berkshire,59230
25005,MA,Bristol,69095
25007,MA,Dukes,71811
25009,MA,Essex,79263
25011,MA,Franklin,60950
25013,MA,Hampden,55429
25015,MA,Hampshire,70876
25017,MA,Middlesex,102603
25019,MA,Nantucket,107717
25021,MA,Norfolk,103291
25023,MA,Plymouth,89489
25025,MA,Suffolk,69669
25027,MA,Worcester,74679
26001,MI,Alcona,40484
26003,MI,Alger,45570
26005,MI,Allegan,62965
26007,MI,Alpena,43363
26009,MI,Antrim,56165
26011,MI,Arenac,42290
26013,MI,Baraga,46065
26015,MI,Barry,64490
26017,MI,Bay,48819
26019,MI,Benzie,57974
26021,MI,Berrien,50795
26023,MI,Branch,51947
26025,MI,Calhoun,48607
26027,MI,Cass,55107
26029,MI,Charlevoix,55760
26031,MI,Cheboygan,48044
26033,MI,Chippewa,46486
26035,MI,Clare,39565
26037,MI,Clinton,70390
26039,MI,Crawford,47977
26041,MI,Delta,47434
26043,MI,Dickinson,51645
26045,MI,Eaton,64348
26047,MI,Emmet,55829
26049,MI,Genesee,48588
26051,MI,Gladwin,44619
26053,MI,Gogebic,38839
26055,MI,Grand Traverse,63575
26057,MI,Gratiot,47848
26059,MI,Hillsdale,49622
26061,MI,Houghton,43183
26063,MI,Huron,48289
26065,MI,Ingham,52872
26067,MI,Ionia,57043
26069,MI,Iosco,43678
26071,MI,Iron,41599
26073,MI,Isabella,45116
26075,MI,Jackson,53658
26077,MI,Kalamazoo,56511
26079,MI,Kalkaska,46898
26081,MI,Kent,63053
26083,MI,Keweenaw,50292
26085,MI,Lake,37320
26087,MI,Lapeer,62641
26089,MI,Leelanau,65249
26091,MI,Lenawee,55450
26093,MI,Livingston,84221
26095,MI,Luce,45469
26097,MI,Mackinac,47938
26099,MI,Macomb,62855
26101,MI,Manistee,50055
26103,MI,Marquette,53970
26105,MI,Mason,51725
26107,MI,Mecosta,45018
26109,MI,Menominee,46828
26111,MI,Midland,62625
26113,MI,Missaukee,47194
26115,MI,Monroe,62203
26117,MI,Montcalm,49448
26119,MI,Montmorency,41772
26121,MI,Muskegon,50854
26123,MI,Newaygo,50326
26125,MI,Oakland,79698
26127,MI,Oceana,50104
26129,MI,Ogemaw,40373
26131,MI,Ontonagon,41546
26133,MI,Osceola,44032
26135,MI,Oscoda,42335
26137,MI,Otsego,54332
26139,MI,Ottawa,69314
26141,MI,Presque Isle,47948
26143,MI,Roscommon,42054
26145,MI,Saginaw,48000
26147,MI,St. Clair,56951
26149,MI,St. Joseph,52086
26151,MI,Sanilac,47672
26153,MI,Schoolcraft,45500
26155,MI,Shiawassee,56032
26157,MI,Tuscola,49988
26159,MI,Van Buren,54485
26161,MI,Washtenaw,72586
26163,MI,Wayne,47301
26165,MI,Wexford,47193
27001,MN,Aitkin,49351
27003,MN,Anoka,82175
27005,MN,Becker,60284
27007,MN,Beltrami,49160
27009,MN,Benton,57715
27011,MN,Big Stone,53900
27013,MN,Blue Earth,57429
27015,MN,Brown,61120
27017,MN,Carlton,63098
27019,MN,Carver,101496
27021,MN,Cass,52204
27023,MN,Chippewa,55269
27025,MN,Chisago,83464
27027,MN,Clay,65269
27029,MN,Clearwater,50386
27031,MN,Cook,57432
27033,MN,Cottonwood,52087
27035,MN,Crow Wing,56549
27037,MN,Dakota,86036
27039,MN,Dodge,74575
27041,MN,Douglas,63819
27043,MN,Faribault,53156
27045,MN,Fillmore,61207
27047,MN,Freeborn,53631
27049,MN,Goodhue,66800
27051,MN,Grant,55466
27053,MN,Hennepin,78167
27055,MN,Houston,60382
27057,MN,Hubbard,56709
27059,MN,Isanti,74616
27061,MN,Itasca,55139
27063,MN,Jackson,58727
27065,MN,Kanabec,57163
27067,MN,Kandiyohi,60294
27069,MN,Kittson,59643
27071,MN,Koochiching,50870
27073,MN,Lac qui Parle,53071
27075,MN,Lake,61452
27077,MN,Lake of the Woods,49967
27079,MN,Le Sueur,71080
27081,MN,Lincoln,53077
27083,MN,Lyon,57730
27085,MN,McLeod,62121
27087,MN,Mahnomen,44688
27089,MN,Marshall,60118
27091,MN,Martin,52798
27093,MN,Meeker,63452
27095,MN,Mille Lacs,56135
27097,MN,Morrison,57815
27099,MN,Mower,54295
27101,MN,Murray,60231
27103,MN,Nicollet,67399
27105,MN,Nobles,55304
27107,MN,Norman,55085
27109,MN,Olmsted,76951
27111,MN,Otter Tail,58682
27113,MN,Pennington,60122
27115,MN,Pine,53422
27117,MN,Pipestone,52917
27119,MN,Polk,59343
27121,MN,Pope,61275
27123,MN,Ramsey,64660
27125,MN,Red Lake,58576
27127,MN,Redwood,55404
27129,MN,Renville,59028
27131,MN,Rice,68584
27133,MN,Rock,63005
27135,MN,Roseau,62202
27137,MN,St. Louis,55646
27139,MN,Scott,102152
27141,MN,Sherburne,89250
27143,MN,Sibley,63439
27145,MN,Stearns,62789
27147,MN,Steele,64903
27149,MN,Stevens,60559
27151,MN,Swift,51620
27153,MN,Todd,53585
27155,MN,Traverse,51957
27157,MN,Wabasha,65226
27159,MN,Wadena,46605
27161,MN,Waseca,56762
27163,MN,Washington,96671
27165,MN,Watonwan,54065
27167,MN,Wilkin,60595
27169,MN,Winona,59329
27171,MN,Wright,84974
27173,MN,Yellow Medicine,59210
28001,MS,Adams,29936
28003,MS,Alcorn,42086
28005,MS,Amite,33981
28007,MS,Attala,33767
28009,MS,Benton,36258
28011,MS,Bolivar,29854
28013,MS,Calhoun,37263
28015,MS,Carroll,46052
28017,MS,Chickasaw,36548
28019,MS,Choctaw,36777
28021,MS,Claiborne,29338
28023,MS,Clarke,43207
28025,MS,Clay,31833
28027,MS,Coahoma,29121
28029,MS,Copiah,42151
28031,MS,Covington,38178
28033,MS,DeSoto,67038
28035,MS,Forrest,39840
28037,MS,Franklin,40219
28039,MS,George,47292
28041,MS,Greene,49677
28043,MS,Grenada,40122
28045,MS,Hancock,48119
28047,MS,Harrison,47894
28049,MS,Hinds,44625
28051,MS,Holmes,21504
28053,MS,Humphreys,28962
28055,MS,Issaquena,24208
28057,MS,Itawamba,44567
28059,MS,Jackson,51657
28061,MS,Jasper,35872
28063,MS,Jefferson,25019
28065,MS,Jefferson Davis,32116
28067,MS,Jones,41775
28069,MS,Kemper,31103
28071,MS,Lafayette,50272
28073,MS,Lamar,60328
28075,MS,Lauderdale,42534
28077,MS,Lawrence,41914
28079,MS,Leake,37096
28081,MS,Lee,50559
28083,MS,Leflore,26735
28085,MS,Lincoln,42606
28087,MS,Lowndes,50441
28089,MS,Madison,71824
28091,MS,Marion,32090
28093,MS,Marshall,42233
28095,MS,Monroe,42354
28097,MS,Montgomery,39840
28099,MS,Neshoba,37987
28101,MS,Newton,35958
28103,MS,Noxubee,33784
28105,MS,Oktibbeha,40453
28107,MS,Panola,38304
28109,MS,Pearl River,46901
28111,MS,Perry,42469
28113,MS,Pike,31784
28115,MS,Pontotoc,44759
28117,MS,Prentiss,39256
28119,MS,Quitman,25283
28121,MS,Rankin,65996
28123,MS,Scott,34943
28125,MS,Sharkey,29394
28127,MS,Simpson,43850
28129,MS,Smith,43105
28131,MS,Stone,45483
28133,MS,Sunflower,30838
28135,MS,Tallahatchie,29864
28137,MS,Tate,51030
28139,MS,Tippah,39246
28141,MS,Tishomingo,37681
28143,MS,Tunica,39370
28145,MS,Union,45754
28147,MS,Walthall,30961
28149,MS,Warren,45113
28151,MS,Washington,29705
28153,MS,Wayne,37706
28155,MS,Webster,45730
28157,MS,Wilkinson,27313
28159,MS,Winston,34724
28161,MS,Yalobusha,41464
28163,MS,Yazoo,33279
29001,MO,Adair,41929
29003,MO,Andrew,58772
29005,MO,Atchison,50236
29007,MO,Audrain,44261
29009,MO,Barry,44403
29011,MO,Barton,44125
29013,MO,Bates,47625
29015,MO,Benton,40249
29017,MO,Bollinger,44158
29019,MO,Boone,55328
29021,MO,Buchanan,51916
29023,MO,Butler,39915
29025,MO,Caldwell,49839
29027,MO,Callaway,56938
29029,MO,Camden,53478
29031,MO,Cape Girardeau,53732
29033,MO,Carroll,50830
29035,MO,Carter,39530
29037,MO,Cass,69433
29039,MO,Cedar,39365
29041,MO,Chariton,46738
29043,MO,Christian,60645
29045,MO,Clark,48909
29047,MO,Clay,70510
29049,MO,Clinton,62701
29051,MO,Cole,60066
29053,MO,Cooper,52735
29055,MO,Crawford,44438
29057,MO,Dade,40399
29059,MO,Dallas,43542
29061,MO,Daviess,51679
29063,MO,DeKalb,55918
29065,MO,Dent,42100
29067,MO,Douglas,37425
29069,MO,Dunklin,36380
29071,MO,Franklin,57214
29073,MO,Gasconade,54885
29075,MO,Gentry,47790
29077,MO,Greene,46086
29079,MO,Grundy,45594
29081,MO,Harrison,42917
29083,MO,Henry,45795
29085,MO,Hickory,34182
29087,MO,Holt,49524
29089,MO,Howard,52700
29091,MO,Howell,38357
29093,MO,Iron,37435
29095,MO,Jackson,55134
29097,MO,Jasper,48357
29099,MO,Jefferson,65454
29101,MO,Johnson,55273
29103,MO,Knox,40000
29105,MO,Laclede,47257
29107,MO,Lafayette,58766
29109,MO,Lawrence,44742
29111,MO,Lewis,45988
29113,MO,Lincoln,64196
29115,MO,Linn,45930
29117,MO,Livingston,46992
29119,MO,McDonald,41643
29121,MO,Macon,42746
29123,MO,Madison,43636
29125,MO,Maries,47569
29127,MO,Marion,48784
29129,MO,Mercer,47298
29131,MO,Miller,47171
29133,MO,Mississippi,35357
29135,MO,Moniteau,58010
29137,MO,Monroe,43966
29139,MO,Montgomery,46757
29141,MO,Morgan,39003
29143,MO,New Madrid,38679
29145,MO,Newton,50813
29147,MO,Nodaway,44232
29149,MO,Oregon,33601
29151,MO,Osage,61687
29153,MO,Ozark,31947
29155,MO,Pemiscot,33859
29157,MO,Perry,55863
29159,MO,Pettis,46157
29161,MO,Phelps,44154
29163,MO,Pike,46385
29165,MO,Platte,80393
29167,MO,Polk,45660
29169,MO,Pulaski,53492
29171,MO,Putnam,42849
29173,MO,Ralls,55377
29175,MO,Randolph,47740
29177,MO,Ray,61957
29179,MO,Reynolds,40324
29181,MO,Ripley,34971
29183,MO,St. Charles,84978
29185,MO,St. Clair,38870
29186,MO,Ste. Genevieve,60129
29187,MO,St. Francois,46466
29189,MO,St. Louis,67420
29195,MO,Saline,44720
29197,MO,Schuyler,42694
29199,MO,Scotland,50085
29201,MO,Scott,44139
29203,MO,Shannon,34265
29205,MO,Shelby,44083
29207,MO,Stoddard,41062
29209,MO,Stone,49656
29211,MO,Sullivan,46481
29213,MO,Taney,46031
29215,MO,Texas,35067
29217,MO,Vernon,43276
29219,MO,Warren,60125
29221,MO,Washington,41483
29223,MO,Wayne,34316
29225,MO,Webster,50560
29227,MO,Worth,53580
29229,MO,Wright,34776
29510,MO,St. Louis,43896
30001,MT,Beaverhead,43201
30003,MT,Big Horn,49859
30005,MT,Blaine,41279
30007,MT,Broadwater,60594
30009,MT,Carbon,58707
30011,MT,Carter,48000
30013,MT,Cascade,49913
30015,MT,Chouteau,42298
30017,MT,Custer,52965
30019,MT,Daniels,57440
30021,MT,Dawson,58596
30023,MT,Deer Lodge,41820
30025,MT,Fallon,64545
30027,MT,Fergus,50540
30029,MT,Flathead,56182
30031,MT,Gallatin,66397
30033,MT,Garfield,42000
30035,MT,Glacier,36045
30037,MT,Golden Valley,43875
30039,MT,Granite,49881
30041,MT,Hill,49321
30043,MT,Jefferson,69646
30045,MT,Judith Basin,43661
30047,MT,Lake,48829
30049,MT,Lewis and Clark,65791
30051,MT,Liberty,44875
30053,MT,Lincoln,40140
30055,MT,McCone,49701
30057,MT,Madison,54107
30059,MT,Meagher,46607
30061,MT,Mineral,41705
30063,MT,Missoula,54062
30065,MT,Musselshell,43274
30067,MT,Park,53068
30069,MT,Petroleum,51250
30071,MT,Phillips,46212
30073,MT,Pondera,51151
30075,MT,Powder River,54427
30077,MT,Powell,54667
30079,MT,Prairie,43625
30081,MT,Ravalli,53054
30083,MT,Richland,67205
30085,MT,Roosevelt,43194
30087,MT,Rosebud,57992
30089,MT,Sanders,40823
30091,MT,Sheridan,55521
30093,MT,Silver Bow,45718
30095,MT,Stillwater,64645
30097,MT,Sweet Grass,49886
30099,MT,Teton,55000
30101,MT,Toole,50721
30103,MT,Treasure,43047
30105,MT,Valley,53162
30107,MT,Wheatland,39655
30109,MT,Wibaux,53958
30111,MT,Yellowstone,61264
31001,NE,Adams,53023
31003,NE,Antelope,49912
31005,NE,Arthur,42813
31007,NE,Banner,51750
31009,NE,Blaine,51094
31011,NE,Boone,54979
31013,NE,Box Butte,54004
31015,NE,Boyd,47778
31017,NE,Brown,43098
31019,NE,Buffalo,59431
31021,NE,Burt,54203
31023,NE,Butler,58979
31025,NE,Cass,71846
31027,NE,Cedar,61869
31029,NE,Chase,57009
31031,NE,Cherry,56651
31033,NE,Cheyenne,53871
31035,NE,Clay,57173
31037,NE,Colfax,58872
31039,NE,Cuming,56768
31041,NE,Custer,52184
31043,NE,Dakota,59231
31045,NE,Dawes,50750
31047,NE,Dawson,53721
31049,NE,Deuel,47287
31051,NE,Dixon,56905
31053,NE,Dodge,54085
31055,NE,Douglas,64629
31057,NE,Dundy,41716
31059,NE,Fillmore,60313
31061,NE,Franklin,49282
31063,NE,Frontier,54659
31065,NE,Furnas,48838
31067,NE,Gage,53110
31069,NE,Garden,43750
31071,NE,Garfield,53000
31073,NE,Gosper,64053
31075,NE,Grant,46500
31077,NE,Greeley,47869
31079,NE,Hall,57104
31081,NE,Hamilton,64210
31083,NE,Harlan,49835
31085,NE,Hayes,51726
31087,NE,Hitchcock,49962
31089,NE,Holt,60387
31091,NE,Hooker,41125
31093,NE,Howard,59348
31095,NE,Jefferson,44510
31097,NE,Johnson,54712
31099,NE,Kearney,60266
31101,NE,Keith,50735
31103,NE,Keya Paha,56500
31105,NE,Kimball,53403
31107,NE,Knox,52332
31109,NE,Lancaster,60527
31111,NE,Lincoln,59795
31113,NE,Logan,52708
31115,NE,Loup,51000
31117,NE,McPherson,48125
31119,NE,Madison,53188
31121,NE,Merrick,55649
31123,NE,Morrill,46194
31125,NE,Nance,49032
31127,NE,Nemaha,51828
31129,NE,Nuckolls,43388
31131,NE,Otoe,59167
31133,NE,Pawnee,46452
31135,NE,Perkins,65543
31137,NE,Phelps,59040
31139,NE,Pierce,64511
31141,NE,Platte,62305
31143,NE,Polk,67719
31145,NE,Red Willow,48808
31147,NE,Richardson,47917
31149,NE,Rock,56250
31151,NE,Saline,51502
31153,NE,Sarpy,82032
31155,NE,Saunders,68682
31157,NE,Scotts Bluff,49745
31159,NE,Seward,70389
31161,NE,Sheridan,45371
31163,NE,Sherman,50781
31165,NE,Sioux,48269
31167,NE,Stanton,63986
31169,NE,Thayer,51821
31171,NE,Thomas,59432
31173,NE,Thurston,51034
31175,NE,Valley,55324
31177,NE,Washington,71430
31179,NE,Wayne,56456
31181,NE,Webster,46188
31183,NE,Wheeler,51591
31185,NE,York,60298
32001,NV,Churchill,57824
32003,NV,Clark,59340
32005,NV,Douglas,66810
32007,NV,Elko,81232
32009,NV,Esmeralda,37375
32011,NV,Eureka,67105
32013,NV,Humboldt,67756
32015,NV,Lander,88030
32017,NV,Lincoln,58462
32019,NV,Lyon,56875
32021,NV,Mineral,35806
32023,NV,Nye,47300
32027,NV,Pershing,50491
32029,NV,Storey,66292
32031,NV,Washoe,64791
32033,NV,White Pine,60827
32510,NV,Carson,55718
33001,NH,Belknap,69447
33003,NH,Carroll,63153
33005,NH,Cheshire,64751
33007,NH,Coos,47117
33009,NH,Grafton,63389
33011,NH,Hillsborough,81460
33013,NH,Merrimack,75737
33015,NH,Rockingham,93756
33017,NH,Strafford,72960
33019,NH,Sullivan,61312
34001,NJ,Atlantic,62110
34003,NJ,Bergen,101144
34005,NJ,Burlington,87416
34007,NJ,Camden,70451
34009,NJ,Cape May,67074
34011,NJ,Cumberland,54149
34013,NJ,Essex,61510
34015,NJ,Gloucester,87283
34017,NJ,Hudson,71189
34019,NJ,Hunterdon,115379
34021,NJ,Mercer,81057
34023,NJ,Middlesex,89533
34025,NJ,Monmouth,99733
34027,NJ,Morris,115527
34029,NJ,Ocean,70909
34031,NJ,Passaic,69688
34033,NJ,Salem,66842
34035,NJ,Somerset,113611
34037,NJ,Sussex,94520
34039,NJ,Union,80198
34041,NJ,Warren,81307
35001,NM,Bernalillo,53329
35003,NM,Catron,41910
35005,NM,Chaves,43359
35006,NM,Cibola,39413
35007,NM,Colfax,36302
35009,NM,Curry,45092
35011,NM,De Baca,31625
35013,NM,Doña Ana,40973
35015,NM,Eddy,65328
35017,NM,Grant,37843
35019,NM,Guadalupe,24798
35021,NM,Harding,29375
35023,NM,Hidalgo,42526
35025,NM,Lea,60546
35027,NM,Lincoln,46216
35028,NM,Los Alamos,121324
35029,NM,Luna,29360
35031,NM,McKinley,33834
35033,NM,Mora,28446
35035,NM,Otero,41988
35037,NM,Quay,29035
35039,NM,Rio Arriba,39952
35041,NM,Roosevelt,42702
35043,NM,Sandoval,63802
35045,NM,San Juan,50518
35047,NM,San Miguel,30946
35049,NM,Santa Fe,61200
35051,NM,Sierra,29755
35053,NM,Socorro,42083
35055,NM,Taos,38329
35057,NM,Torrance,36120
35059,NM,Union,35884
35061,NM,Valencia,48945
36001,NY,Albany,66252
36003,NY,Allegany,48412
36005,NY,Bronx,40088
36007,NY,Broome,52226
36009,NY,Cattaraugus,48703
36011,NY,Cayuga,58377
36013,NY,Chautauqua,46820
36015,NY,Chemung,54940
36017,NY,Chenango,52002
36019,NY,Clinton,56365
36021,NY,Columbia,66787
36023,NY,Cortland,56023
36025,NY,Delaware,49544
36027,NY,Dutchess,81219
36029,NY,Erie,58121
36031,NY,Essex,56763
36033,NY,Franklin,50407
36035,NY,Fulton,50482
36037,NY,Genesee,60524
36039,NY,Greene,53601
36041,NY,Hamilton,58675
36043,NY,Herkimer,54646
36045,NY,Jefferson,52685
36047,NY,Kings,60231
36049,NY,Lewis,54524
36051,NY,Livingston,59510
36053,NY,Madison,61633
36055,NY,Monroe,60075
36057,NY,Montgomery,49462
36059,NY,Nassau,116100
36061,NY,New York,86553
36063,NY,Niagara,55522
36065,NY,Oneida,56027
36067,NY,Onondaga,61359
36069,NY,Ontario,64944
36071,NY,Orange,79944
36073,NY,Orleans,52620
36075,NY,Oswego,55967
36077,NY,Otsego,54028
36079,NY,Putnam,104486
36081,NY,Queens,68666
36083,NY,Rensselaer,68991
36085,NY,Richmond,82783
36087,NY,Rockland,93024
36089,NY,St. Lawrence,50940
36091,NY,Saratoga,84291
36093,NY,Schenectady,65499
36095,NY,Schoharie,57714
36097,NY,Schuyler,52327
36099,NY,Seneca,54545
36101,NY,Steuben,53663
36103,NY,Suffolk,101031
36105,NY,Sullivan,57426
36107,NY,Tioga,62999
36109,NY,Tompkins,60240
36111,NY,Ulster,64304
36113,NY,Warren,61024
36115,NY,Washington,57258
36117,NY,Wayne,59449
36119,NY,Westchester,96610
36121,NY,Wyoming,58052
36123,NY,Yates,56563
37001,NC,Alamance,49688
37003,NC,Alexander,48756
37005,NC,Alleghany,37830
37007,NC,Anson,40213
37009,NC,Ashe,40962
37011,NC,Avery,40340
37013,NC,Beaufort,45212
37015,NC,Bertie,35527
37017,NC,Bladen,36173
37019,NC,Brunswick,58236
37021,NC,Buncombe,52207
37023,NC,Burke,44557
37025,NC,Cabarrus,67328
37027,NC,Caldwell,44511
37029,NC,Camden,64572
37031,NC,Carteret,57194
37033,NC,Caswell,45733
37035,NC,Catawba,52056
37037,NC,Chatham,67031
37039,NC,Cherokee,41438
37041,NC,Chowan,46519
37043,NC,Clay,42222
37045,NC,Cleveland,42247
37047,NC,Columbus,37628
37049,NC,Craven,52687
37051,NC,Cumberland,46875
37053,NC,Currituck,69964
37055,NC,Dare,59381
37057,NC,Davidson,49546
37059,NC,Davie,60434
37061,NC,Duplin,41764
37063,NC,Durham,60958
37065,NC,Edgecombe,36866
37067,NC,Forsyth,51569
37069,NC,Franklin,55193
37071,NC,Gaston,52835
37073,NC,Gates,50750
37075,NC,Graham,39571
37077,NC,Granville,55856
37079,NC,Greene,39837
37081,NC,Guilford,53261
37083,NC,Halifax,35502
37085,NC,Harnett,53554
37087,NC,Haywood,51659
37089,NC,Henderson,55945
37091,NC,Hertford,41028
37093,NC,Hoke,48072
37095,NC,Hyde,39663
37097,NC,Iredell,60955
37099,NC,Jackson,47252
37101,NC,Johnston,59865
37103,NC,Jones,38158
37105,NC,Lee,49994
37107,NC,Lenoir,39402
37109,NC,Lincoln,57536
37111,NC,McDowell,43646
37113,NC,Macon,45507
37115,NC,Madison,45873
37117,NC,Martin,40090
37119,NC,Mecklenburg,66641
37121,NC,Mitchell,46103
37123,NC,Montgomery,44146
37125,NC,Moore,59963
37127,NC,Nash,49537
37129,NC,New Hanover,54891
37131,NC,Northampton,37146
37133,NC,Onslow,50278
37135,NC,Orange,71723
37137,NC,Pamlico,46728
37139,NC,Pasquotank,50558
37141,NC,Pender,57240
37143,NC,Perquimans,47162
37145,NC,Person,51020
37147,NC,Pitt,47437
37149,NC,Polk,48787
37151,NC,Randolph,47288
37153,NC,Richmond,36148
37155,NC,Robeson,34976
37157,NC,Rockingham,43579
37159,NC,Rowan,49842
37161,NC,Rutherford,42608
37163,NC,Sampson,42151
37165,NC,Scotland,37238
37167,NC,Stanly,52623
37169,NC,Stokes,48054
37171,NC,Surry,43597
37173,NC,Swain,39317
37175,NC,Transylvania,50212
37177,NC,Tyrrell,35300
37179,NC,Union,80033
37181,NC,Vance,40529
37183,NC,Wake,80591
37185,NC,Warren,36466
37187,NC,Washington,35979
37189,NC,Watauga,47526
37191,NC,Wayne,44416
37193,NC,Wilkes,44107
37195,NC,Wilson,43877
37197,NC,Yadkin,44682
37199,NC,Yancey,42222
38001,ND,Adams,56681
38003,ND,Barnes,58365
38005,ND,Benson,47667
38007,ND,Billings,75208
38009,ND,Bottineau,60381
38011,ND,Bowman,62442
38013,ND,Burke,77232
38015,ND,Burleigh,71524
38017,ND,Cass,64482
38019,ND,Cavalier,64798
38021,ND,Dickey,65492
38023,ND,Divide,62865
38025,ND,Dunn,76719
38027,ND,Eddy,54868
38029,ND,Emmons,55902
38031,ND,Foster,61425
38033,ND,Golden Valley,58690
38035,ND,Grand Forks,54051
38037,ND,Grant,50938
38039,ND,Griggs,53565
38041,ND,Hettinger,60164
38043,ND,Kidder,54643
38045,ND,LaMoure,60806
38047,ND,Logan,59375
38049,ND,McHenry,64179
38051,ND,McIntosh,52587
38053,ND,McKenzie,77845
38055,ND,McLean,68529
38057,ND,Mercer,82181
38059,ND,Morton,70556
38061,ND,Mountrail,72147
38063,ND,Nelson,52039
38065,ND,Oliver,78929
38067,ND,Pembina,64549
38069,ND,Pierce,55660
38071,ND,Ramsey,58910
38073,ND,Ransom,63903
38075,ND,Renville,73182
38077,ND,Richland,61371
38079,ND,Rolette,43158
38081,ND,Sargent,63073
38083,ND,Sheridan,51055
38085,ND,Sioux,38939
38087,ND,Slope,63611
38089,ND,Stark,72045
38091,ND,Steele,70724
38093,ND,Stutsman,57674
38095,ND,Towner,52300
38097,ND,Traill,64453
38099,ND,Walsh,55700
38101,ND,Ward,68871
38103,ND,Wells,57582
38105,ND,Williams,87161
39001,OH,Adams,39079
39003,OH,Allen,53131
39005,OH,Ashland,52823
39007,OH,Ashtabula,46700
39009,OH,Athens,40905
39011,OH,Auglaize,64074
39013,OH,Belmont,50904
39015,OH,Brown,54575
39017,OH,Butler,66117
39019,OH,Carroll,55267
39021,OH,Champaign,60112
39023,OH,Clark,50873
39025,OH,Clermont,66968
39027,OH,Clinton,52815
39029,OH,Columbiana,48345
39031,OH,Coshocton,46606
39033,OH,Crawford,44971
39035,OH,Cuyahoga,50366
39037,OH,Darke,55620
39039,OH,Defiance,59931
39041,OH,Delaware,106908
39043,OH,Erie,54226
39045,OH,Fairfield,67609
39047,OH,Fayette,47308
39049,OH,Franklin,61305
39051,OH,Fulton,63092
39053,OH,Gallia,44858
39055,OH,Geauga,82303
39057,OH,Greene,68720
39059,OH,Guernsey,45917
39061,OH,Hamilton,57212
39063,OH,Hancock,58450
39065,OH,Hardin,50506
39067,OH,Harrison,49689
39069,OH,Henry,59695
39071,OH,Highland,44169
39073,OH,Hocking,52363
39075,OH,Holmes,63753
39077,OH,Huron,52560
39079,OH,Jackson,47550
39081,OH,Jefferson,46581
39083,OH,Knox,57749
39085,OH,Lake,64466
39087,OH,Lawrence,45118
39089,OH,Licking,64589
39091,OH,Logan,56754
39093,OH,Lorain,58427
39095,OH,Lucas,48736
39097,OH,Madison,68022
39099,OH,Mahoning,46042
39101,OH,Marion,47498
39103,OH,Medina,76600
39105,OH,Meigs,44899
39107,OH,Mercer,62952
39109,OH,Miami,61041
39111,OH,Monroe,45289
39113,OH,Montgomery,51542
39115,OH,Morgan,42341
39117,OH,Morrow,59452
39119,OH,Muskingum,47254
39121,OH,Noble,46897
39123,OH,Ottawa,59099
39125,OH,Paulding,55330
39127,OH,Perry,50150
39129,OH,Pickaway,63633
39131,OH,Pike,42832
39133,OH,Portage,57618
39135,OH,Preble,58957
39137,OH,Putnam,64822
39139,OH,Richland,49547
39141,OH,Ross,51092
39143,OH,Sandusky,54089
39145,OH,Scioto,41330
39147,OH,Seneca,52500
39149,OH,Shelby,63806
39151,OH,Stark,53860
39153,OH,Summit,57181
39155,OH,Trumbull,47280
39157,OH,Tuscarawas,53243
39159,OH,Union,86715
39161,OH,Van Wert,54254
39163,OH,Vinton,45673
39165,OH,Warren,87125
39167,OH,Washington,50021
39169,OH,Wayne,58300
39171,OH,Williams,53183
39173,OH,Wood,62390
39175,OH,Wyandot,55767
40001,OK,Adair,34695
40003,OK,Alfalfa,61852
40005,OK,Atoka,39316
40007,OK,Beaver,52349
40009,OK,Beckham,50721
40011,OK,Blaine,45792
40013,OK,Bryan,44212
40015,OK,Caddo,46592
40017,OK,Canadian,72056
40019,OK,Carter,51419
40021,OK,Cherokee,42774
40023,OK,Choctaw,34489
40025,OK,Cimarron,46328
40027,OK,Cleveland,64016
40029,OK,Coal,40938
40031,OK,Comanche,52161
40033,OK,Cotton,50885
40035,OK,Craig,43329
40037,OK,Creek,51318
40039,OK,Custer,49900
40041,OK,Delaware,41696
40043,OK,Dewey,52428
40045,OK,Ellis,53245
40047,OK,Garfield,54006
40049,OK,Garvin,47125
40051,OK,Grady,60875
40053,OK,Grant,57727
40055,OK,Greer,41488
40057,OK,Harmon,48344
40059,OK,Harper,46154
40061,OK,Haskell,42348
40063,OK,Hughes,39365
40065,OK,Jackson,49703
40067,OK,Jefferson,39895
40069,OK,Johnston,41332
40071,OK,Kay,46809
40073,OK,Kingfisher,57777
40075,OK,Kiowa,38019
40077,OK,Latimer,44214
40079,OK,Le Flore,40677
40081,OK,Lincoln,50671
40083,OK,Logan,65357
40085,OK,Love,49399
40087,OK,McClain,67662
40089,OK,McCurtain,37061
40091,OK,McIntosh,39084
40093,OK,Major,54332
40095,OK,Marshall,45746
40097,OK,Mayes,50345
40099,OK,Murray,52478
40101,OK,Muskogee,43078
40103,OK,Noble,56117
40105,OK,Nowata,43145
40107,OK,Okfuskee,38411
40109,OK,Oklahoma,54520
40111,OK,Okmulgee,42998
40113,OK,Osage,49103
40115,OK,Ottawa,39872
40117,OK,Pawnee,48009
40119,OK,Payne,41603
40121,OK,Pittsburg,46784
40123,OK,Pontotoc,50392
40125,OK,Pottawatomie,49250
40127,OK,Pushmataha,37692
40129,OK,Roger Mills,51302
40131,OK,Rogers,65434
40133,OK,Seminole,39373
40135,OK,Sequoyah,40351
40137,OK,Stephens,47214
40139,OK,Texas,52282
40141,OK,Tillman,42280
40143,OK,Tulsa,55517
40145,OK,Wagoner,62795
40147,OK,Washington,54997
40149,OK,Washita,53274
40151,OK,Woods,54282
40153,OK,Woodward,60147
41001,OR,Baker,45998
41003,OR,Benton,62077
41005,OR,Clackamas,80484
41007,OR,Clatsop,54886
41009,OR,Columbia,62257
41011,OR,Coos,45051
41013,OR,Crook,49006
41015,OR,Curry,48440
41017,OR,Deschutes,67043
41019,OR,Douglas,47267
41021,OR,Gilliam,47500
41023,OR,Grant,44712
41025,OR,Harney,40735
41027,OR,Hood River,65679
41029,OR,Jackson,53412
41031,OR,Jefferson,53277
41033,OR,Josephine,45616
41035,OR,Klamath,46491
41037,OR,Lake,37898
41039,OR,Lane,52426
41041,OR,Lincoln,47882
41043,OR,Linn,55893
41045,OR,Malheur,43313
41047,OR,Marion,59625
41049,OR,Morrow,54269
41051,OR,Multnomah,69176
41053,OR,Polk,62691
41055,OR,Sherman,51071
41057,OR,Tillamook,49895
41059,OR,Umatilla,54699
41061,OR,Union,52171
41063,OR,Wallowa,51224
41065,OR,Wasco,53105
41067,OR,Washington,82215
41069,OR,Wheeler,40926
41071,OR,Yamhill,63902
42001,PA,Adams,67253
42003,PA,Allegheny,61043
42005,PA,Armstrong,51410
42007,PA,Beaver,57807
42009,PA,Bedford,50509
42011,PA,Berks,63728
42013,PA,Blair,49181
42015,PA,Bradford,52358
42017,PA,Bucks,89139
42019,PA,Butler,70668
42021,PA,Cambria,46659
42023,PA,Cameron,41165
42025,PA,Carbon,57006
42027,PA,Centre,60403
42029,PA,Chester,100214
42031,PA,Clarion,46680
42033,PA,Clearfield,49015
42035,PA,Clinton,50923
42037,PA,Columbia,50550
42039,PA,Crawford,50304
42041,PA,Cumberland,71269
42043,PA,Dauphin,60715
42045,PA,Delaware,74477
42047,PA,Elk,53440
42049,PA,Erie,51529
42051,PA,Fayette,47364
42053,PA,Forest,39717
42055,PA,Franklin,63379
42057,PA,Fulton,53476
42059,PA,Greene,54776
42061,PA,Huntingdon,51678
42063,PA,Indiana,49320
42065,PA,Jefferson,47603
42067,PA,Juniata,53879
42069,PA,Lackawanna,52821
42071,PA,Lancaster,66056
42073,PA,Lawrence,50204
42075,PA,Lebanon,60281
42077,PA,Lehigh,63897
42079,PA,Luzerne,53473
42081,PA,Lycoming,54241
42083,PA,McKean,48647
42085,PA,Mercer,50696
42087,PA,Mifflin,50219
42089,PA,Monroe,63934
42091,PA,Montgomery,91546
42093,PA,Montour,58333
42095,PA,Northampton,70471
42097,PA,Northumberland,48671
42099,PA,Perry,63718
42101,PA,Philadelphia,45927
42103,PA,Pike,65928
42105,PA,Potter,45419
42107,PA,Schuylkill,52280
42109,PA,Snyder,58997
42111,PA,Somerset,49089
42113,PA,Sullivan,47407
42115,PA,Susquehanna,54966
42117,PA,Tioga,51324
42119,PA,Union,59399
42121,PA,Venango,49945
42123,PA,Warren,50250
42125,PA,Washington,63543
42127,PA,Wayne,56096
42129,PA,Westmoreland,60471
42131,PA,Wyoming,59415
42133,PA,York,66457
44001,RI,Bristol,83092
44003,RI,Kent,73521
44005,RI,Newport,79454
44007,RI,Providence,58974
44009,RI,Washington,85531
45001,SC,Abbeville,38741
45003,SC,Aiken,51399
45005,SC,Allendale,27185
45007,SC,Anderson,50865
45009,SC,Bamberg,31422
45011,SC,Barnwell,35803
45013,SC,Beaufort,68377
45015,SC,Berkeley,63309
45017,SC,Calhoun,46339
45019,SC,Charleston,64022
45021,SC,Cherokee,36883
45023,SC,Chester,42442
45025,SC,Chesterfield,41505
45027,SC,Clarendon,40900
45029,SC,Colleton,36324
45031,SC,Darlington,38448
45033,SC,Dillon,30812
45035,SC,Dorchester,63080
45037,SC,Edgefield,49127
45039,SC,Fairfield,38213
45041,SC,Florence,47058
45043,SC,Georgetown,48456
45045,SC,Greenville,60351
45047,SC,Greenwood,42336
45049,SC,Hampton,33429
45051,SC,Horry,50704
45053,SC,Jasper,45601
45055,SC,Kershaw,51479
45057,SC,Lancaster,58849
45059,SC,Laurens,43304
45061,SC,Lee,32371
45063,SC,Lexington,61173
45065,SC,McCormick,43633
45067,SC,Marion,32063
45069,SC,Marlboro,33586
45071,SC,Newberry,44226
45073,SC,Oconee,49134
45075,SC,Orangeburg,37955
45077,SC,Pickens,49573
45079,SC,Richland,54767
45081,SC,Saluda,45714
45083,SC,Spartanburg,52332
45085,SC,Sumter,45661
45087,SC,Union,41186
45089,SC,Williamsburg,32485
45091,SC,York,65361
46003,SD,Aurora,64083
46005,SD,Beadle,52313
46007,SD,Bennett,47500
46009,SD,Bon Homme,54737
46011,SD,Brookings,58136
46013,SD,Brown,58216
46015,SD,Brule,57196
46017,SD,Buffalo,34808
46019,SD,Butte,46508
46021,SD,Campbell,54449
46023,SD,Charles Mix,50481
46025,SD,Clark,48980
46027,SD,Clay,50724
46029,SD,Codington,56376
46031,SD,Corson,35759
46033,SD,Custer,58522
46035,SD,Davison,50570
46037,SD,Day,46679
46039,SD,Deuel,65437
46041,SD,Dewey,47475
46043,SD,Douglas,58684
46045,SD,Edmunds,71324
46047,SD,Fall River,50588
46049,SD,Faulk,55096
46051,SD,Grant,58158
46053,SD,Gregory,43438
46055,SD,Haakon,42250
46057,SD,Hamlin,67105
46059,SD,Hand,54155
46061,SD,Hanson,64696
46063,SD,Harding,59655
46065,SD,Hughes,64783
46067,SD,Hutchinson,57089
46069,SD,Hyde,57788
46071,SD,Jackson,33295
46073,SD,Jerauld,49632
46075,SD,Jones,46149
46077,SD,Kingsbury,61699
46079,SD,Lake,61846
46081,SD,Lawrence,52641
46083,SD,Lincoln,82473
46085,SD,Lyman,53862
46087,SD,McCook,61507
46089,SD,McPherson,44574
46091,SD,Marshall,63723
46093,SD,Meade,60578
46095,SD,Mellette,30650
46097,SD,Miner,52910
46099,SD,Minnehaha,61772
46101,SD,Moody,61538
46102,SD,Oglala Lakota,31997
46103,SD,Pennington,57039
46105,SD,Perkins,57981
46107,SD,Potter,54583
46109,SD,Roberts,50348
46111,SD,Sanborn,56875
46115,SD,Spink,54423
46117,SD,Stanley,71382
46119,SD,Sully,62153
46121,SD,Todd,24331
46123,SD,Tripp,57720
46125,SD,Turner,59242
46127,SD,Union,70378
46129,SD,Walworth,55583
46135,SD,Yankton,58342
46137,SD,Ziebach,37400
47001,TN,Anderson,50392
47003,TN,Bedford,50415
47005,TN,Benton,37512
47007,TN,Bledsoe,44122
47009,TN,Blount,56667
47011,TN,Bradley,51331
47013,TN,Campbell,39803
47015,TN,Cannon,55330
47017,TN,Carroll,42637
47019,TN,Carter,38092
47021,TN,Cheatham,61913
47023,TN,Chester,51946
47025,TN,Claiborne,36835
47027,TN,Clay,32167
47029,TN,Cocke,36716
47031,TN,Coffee,50351
47033,TN,Crockett,44717
47035,TN,Cumberland,45958
47037,TN,Davidson,60388
47039,TN,Decatur,42031
47041,TN,DeKalb,45511
47043,TN,Dickson,53076
47045,TN,Dyer,44185
47047,TN,Fayette,60711
47049,TN,Fentress,36520
47051,TN,Franklin,51585
47053,TN,Gibson,43171
47055,TN,Giles,49614
47057,TN,Grainger,44064
47059,TN,Greene,42595
47061,TN,Grundy,40516
47063,TN,Hamblen,43619
47065,TN,Hamilton,55070
47067,TN,Hancock,30136
47069,TN,Hardeman,40304
47071,TN,Hardin,40682
47073,TN,Hawkins,41924
47075,TN,Haywood,37905
47077,TN,Henderson,43305
47079,TN,Henry,40502
47081,TN,Hickman,43596
47083,TN,Houston,42711
47085,TN,Humphreys,45667
47087,TN,Jackson,35207
47089,TN,Jefferson,49139
47091,TN,Johnson,36004
47093,TN,Knox,57470
47095,TN,Lake,35191
47097,TN,Lauderdale,39896
47099,TN,Lawrence,43614
47101,TN,Lewis,37277
47103,TN,Lincoln,49485
47105,TN,Loudon,58065
47107,TN,McMinn,43285
47109,TN,McNairy,39161
47111,TN,Macon,37430
47113,TN,Madison,48161
47115,TN,Marion,49432
47117,TN,Marshall,53197
47119,TN,Maury,57170
47121,TN,Meigs,49167
47123,TN,Monroe,42429
47125,TN,Montgomery,57541
47127,TN,Moore,57708
47129,TN,Morgan,41333
47131,TN,Obion,39615
47133,TN,Overton,37197
47135,TN,Perry,41034
47137,TN,Pickett,39554
47139,TN,Polk,43306
47141,TN,Putnam,44259
47143,TN,Rhea,42206
47145,TN,Roane,53367
47147,TN,Robertson,63307
47149,TN,Rutherford,67429
47151,TN,Scott,38864
47153,TN,Sequatchie,49370
47155,TN,Sevier,49610
47157,TN,Shelby,51657
47159,TN,Smith,48068
47161,TN,Stewart,45809
47163,TN,Sullivan,46684
47165,TN,Sumner,67204
47167,TN,Tipton,61291
47169,TN,Trousdale,56321
47171,TN,Unicoi,41890
47173,TN,Union,44671
47175,TN,Van Buren,42724
47177,TN,Warren,41125
47179,TN,Washington,48334
47181,TN,Wayne,41427
47183,TN,Weakley,39937
47185,TN,White,41998
47187,TN,Williamson,112962
47189,TN,Wilson,75991
48001,TX,Anderson,43455
48003,TX,Andrews,76158
48005,TX,Angelina,50453
48007,TX,Aransas,45137
48009,TX,Archer,63835
48011,TX,Armstrong,72500
48013,TX,Atascosa,55366
48015,TX,Austin,66206
48017,TX,Bailey,52273
48019,TX,Bandera,58661
48021,TX,Bastrop,64597
48023,TX,Baylor,40739
48025,TX,Bee,44578
48027,TX,Bell,54884
48029,TX,Bexar,57157
48031,TX,Blanco,66390
48033,TX,Borden,72188
48035,TX,Bosque,52148
48037,TX,Bowie,50164
48039,TX,Brazoria,81447
48041,TX,Brazos,49181
48043,TX,Brewster,47080
48045,TX,Briscoe,40227
48047,TX,Brooks,28333
48049,TX,Brown,48365
48051,TX,Burleson,57731
48053,TX,Burnet,59492
48055,TX,Caldwell,54152
48057,TX,Calhoun,58776
48059,TX,Callahan,48651
48061,TX,Cameron,38758
48063,TX,Camp,48207
48065,TX,Carson,74872
48067,TX,Cass,44848
48069,TX,Castro,50142
48071,TX,Chambers,91141
48073,TX,Cherokee,48186
48075,TX,Childress,43181
48077,TX,Clay,55989
48079,TX,Cochran,40962
48081,TX,Coke,45000
48083,TX,Coleman,46743
48085,TX,Collin,96913
48087,TX,Collingsworth,39120
48089,TX,Colorado,52559
48091,TX,Comal,79936
48093,TX,Comanche,53516
48095,TX,Concho,47500
48097,TX,Cooke,60202
48099,TX,Coryell,52893
48101,TX,Cottle,32305
48103,TX,Crane,65969
48105,TX,Crockett,47386
48107,TX,Crosby,40759
48109,TX,Culberson,37900
48111,TX,Dallam,58811
48113,TX,Dallas,59607
48115,TX,Dawson,43239
48117,TX,Deaf Smith,49701
48119,TX,Delta,51038
48121,TX,Denton,86913
48123,TX,DeWitt,55357
48125,TX,Dickens,42540
48127,TX,Dimmit,27161
48129,TX,Donley,42961
48131,TX,Duval,41186
48133,TX,Eastland,37276
48135,TX,Ector,62973
48137,TX,Edwards,40766
48139,TX,Ellis,76871
48141,TX,El Paso,46871
48143,TX,Erath,52742
48145,TX,Falls,39497
48147,TX,Fannin,54648
48149,TX,Fayette,60189
48151,TX,Fisher,46146
48153,TX,Floyd,50580
48155,TX,Foard,43625
48157,TX,Fort Bend,97743
48159,TX,Franklin,53783
48161,TX,Freestone,49471
48163,TX,Frio,46729
48165,TX,Gaines,63054
48167,TX,Galveston,73330
48169,TX,Garza,49627
48171,TX,Gillespie,59155
48173,TX,Glasscock,78456
48175,TX,Goliad,60690
48177,TX,Gonzales,53577
48179,TX,Gray,47952
48181,TX,Grayson,54815
48183,TX,Gregg,50180
48185,TX,Grimes,52913
48187,TX,Guadalupe,74496
48189,TX,Hale,48384
48191,TX,Hall,34673
48193,TX,Hamilton,50825
48195,TX,Hansford,38000
48197,TX,Hardeman,41859
48199,TX,Hardin,60339
48201,TX,Harris,61705
48203,TX,Harrison,52220
48205,TX,Hartley,58298
48207,TX,Haskell,40313
48209,TX,Hays,68717
48211,TX,Hemphill,70625
48213,TX,Henderson,47355
48215,TX,Hidalgo,40014
48217,TX,Hill,53307
48219,TX,Hockley,48248
48221,TX,Hood,64041
48223,TX,Hopkins,52078
48225,TX,Houston,37904
48227,TX,Howard,54208
48229,TX,Hudspeth,31677
48231,TX,Hunt,54959
48233,TX,Hutchinson,52524
48235,TX,Irion,47500
48237,TX,Jack,52045
48239,TX,Jackson,62806
48241,TX,Jasper,44370
48243,TX,Jeff Davis,53088
48245,TX,Jefferson,51248
48247,TX,Jim Hogg,33382
48249,TX,Jim Wells,41505
48251,TX,Johnson,64359
48253,TX,Jones,50344
48255,TX,Karnes,56127
48257,TX,Kaufman,70107
48259,TX,Kendall,84747
48261,TX,Kenedy,38021
48263,TX,Kent,44688
48265,TX,Kerr,55990
48267,TX,Kimble,43328
48269,TX,King,52083
48271,TX,Kinney,26738
48273,TX,Kleberg,43730
48275,TX,Knox,48798
48277,TX,Lamar,45117
48279,TX,Lamb,45111
48281,TX,Lampasas,60772
48283,TX,La Salle,50151
48285,TX,Lavaca,54403
48287,TX,Lee,54744
48289,TX,Leon,43045
48291,TX,Liberty,51494
48293,TX,Limestone,44418
48295,TX,Lipscomb,59091
48297,TX,Live Oak,53848
48299,TX,Llano,53411
48301,TX,Loving,83750
48303,TX,Lubbock,52429
48305,TX,Lynn,43382
48307,TX,McCulloch,47707
48309,TX,McLennan,49778
48311,TX,McMullen,62000
48313,TX,Madison,52664
48315,TX,Marion,37662
48317,TX,Martin,66610
48319,TX,Mason,42276
48321,TX,Matagorda,48913
48323,TX,Maverick,39625
48325,TX,Medina,62599
48327,TX,Menard,36395
48329,TX,Midland,79421
48331,TX,Milam,47902
48333,TX,Mills,49306
48335,TX,Mitchell,51492
48337,TX,Montague,51765
48339,TX,Montgomery,80902
48341,TX,Moore,54871
48343,TX,Morris,41359
48345,TX,Motley,43859
48347,TX,Nacogdoches,44847
48349,TX,Navarro,48529
48351,TX,Newton,40101
48353,TX,Nolan,45537
48355,TX,Nueces,55919
48357,TX,Ochiltree,50464
48359,TX,Oldham,64545
48361,TX,Orange,59399
48363,TX,Palo Pinto,50154
48365,TX,Panola,52982
48367,TX,Parker,77503
48369,TX,Parmer,55359
48371,TX,Pecos,52397
48373,TX,Polk,49279
48375,TX,Potter,42528
48377,TX,Presidio,25098
48379,TX,Rains,51579
48381,TX,Randall,68261
48383,TX,Reagan,74868
48385,TX,Real,35862
48387,TX,Red River,39142
48389,TX,Reeves,53311
48391,TX,Refugio,50076
48393,TX,Roberts,68750
48395,TX,Robertson,52928
48397,TX,Rockwall,100920
48399,TX,Runnels,44940
48401,TX,Rusk,55234
48403,TX,Sabine,34992
48405,TX,San Augustine,40353
48407,TX,San Jacinto,41614
48409,TX,San Patricio,56556
48411,TX,San Saba,45083
48413,TX,Schleicher,53229
48415,TX,Scurry,54326
48417,TX,Shackelford,46935
48419,TX,Shelby,42522
48421,TX,Sherman,51926
48423,TX,Smith,56810
48425,TX,Somervell,60632
48427,TX,Starr,30387
48429,TX,Stephens,46232
48431,TX,Sterling,59868
48433,TX,Stonewall,51250
48435,TX,Sutton,54306
48437,TX,Swisher,39771
48439,TX,Tarrant,67700
48441,TX,Taylor,53143
48443,TX,Terrell,43208
48445,TX,Terry,44627
48447,TX,Throckmorton,40000
48449,TX,Titus,50196
48451,TX,Tom Green,53903
48453,TX,Travis,75887
48455,TX,Trinity,41357
48457,TX,Tyler,44497
48459,TX,Upshur,52162
48461,TX,Upton,52171
48463,TX,Uvalde,41679
48465,TX,Val Verde,46147
48467,TX,Van Zandt,54654
48469,TX,Victoria,56834
48471,TX,Walker,43742
48473,TX,Waller,59642
48475,TX,Ward,62986
48477,TX,Washington,54971
48479,TX,Webb,46475
48481,TX,Wharton,48310
48483,TX,Wheeler,49315
48485,TX,Wichita,48650
48487,TX,Wilbarger,45302
48489,TX,Willacy,35521
48491,TX,Williamson,87337
48493,TX,Wilson,76692
48495,TX,Winkler,60366
48497,TX,Wise,64536
48499,TX,Wood,53394
48501,TX,Yoakum,70005
48503,TX,Young,50635
48505,TX,Zapata,33952
48507,TX,Zavala,34459
49001,UT,Beaver,55221
49003,UT,Box Elder,62233
49005,UT,Cache,59038
49007,UT,Carbon,51158
49009,UT,Daggett,75417
49011,UT,Davis,83310
49013,UT,Duchesne,63224
49015,UT,Emery,55554
49017,UT,Garfield,54565
49019,UT,Grand,51557
49021,UT,Iron,51807
49023,UT,Juab,61463
49025,UT,Kane,47044
49027,UT,Millard,62242
49029,UT,Morgan,91341
49031,UT,Piute,42813
49033,UT,Rich,57902
49035,UT,Salt Lake,74865
49037,UT,San Juan,45394
49039,UT,Sanpete,53838
49041,UT,Sevier,54799
49043,UT,Summit,102958
49045,UT,Tooele,74562
49047,UT,Uintah,65264
49049,UT,Utah,74665
49051,UT,Wasatch,85166
49053,UT,Washington,59839
49055,UT,Wayne,44245
49057,UT,Weber,67244
50001,VT,Addison,68825
50003,VT,Bennington,56183
50005,VT,Caledonia,50563
50007,VT,Chittenden,73647
50009,VT,Essex,44349
50011,VT,Franklin,65485
50013,VT,Grand Isle,71587
50015,VT,Lamoille,64003
50017,VT,Orange,60925
50019,VT,Orleans,49168
50021,VT,Rutland,56139
50023,VT,Washington,62791
50025,VT,Windham,51985
50027,VT,Windsor,60987
51001,VA,Accomack,46073
51003,VA,Albemarle,79880
51005,VA,Alleghany,47673
51007,VA,Amelia,57946
51009,VA,Amherst,52888
51011,VA,Appomattox,58696
51013,VA,Arlington,120071
51015,VA,Augusta,62711
51017,VA,Bath,49738
51019,VA,Bedford,64199
51021,VA,Bland,48531
51023,VA,Botetourt,71110
51025,VA,Brunswick,44434
51027,VA,Buchanan,31956
51029,VA,Buckingham,49025
51031,VA,Campbell,49664
51033,VA,Caroline,65103
51035,VA,Carroll,44835
51036,VA,Charles City,57198
51037,VA,Charlotte,40573
51041,VA,Chesterfield,82599
51043,VA,Clarke,80026
51045,VA,Craig,55708
51047,VA,Culpeper,77935
51049,VA,Cumberland,47469
51051,VA,Dickenson,29932
51053,VA,Dinwiddie,60346
51057,VA,Essex,51954
51059,VA,Fairfax,124831
51061,VA,Fauquier,100783
51063,VA,Floyd,51521
51065,VA,Fluvanna,76873
51067,VA,Franklin,56254
51069,VA,Frederick,78002
51071,VA,Giles,54520
51073,VA,Gloucester,70537
51075,VA,Goochland,93994
51077,VA,Grayson,36544
51079,VA,Greene,67398
51081,VA,Greensville,50300
51083,VA,Halifax,42669
51085,VA,Hanover,89390
51087,VA,Henrico,70307
51089,VA,Henry,37952
51091,VA,Highland,48587
51093,VA,Isle of Wight,73991
51095,VA,James City,87678
51097,VA,King and Queen,63982
51099,VA,King George,94274
51101,VA,King William,66987
51103,VA,Lancaster,53711
51105,VA,Lee,32888
51107,VA,Loudoun,142299
51109,VA,Louisa,60975
51111,VA,Lunenburg,44303
51113,VA,Madison,57895
51115,VA,Mathews,64237
51117,VA,Mecklenburg,43207
51119,VA,Middlesex,57438
51121,VA,Montgomery,57977
51125,VA,Nelson,64313
51127,VA,New Kent,87904
51131,VA,Northampton,47227
51133,VA,Northumberland,62632
51135,VA,Nottoway,45535
51137,VA,Orange,71548
51139,VA,Page,51792
51141,VA,Patrick,43073
51143,VA,Pittsylvania,47690
51145,VA,Powhatan,89090
51147,VA,Prince Edward,47202
51149,VA,Prince George,71912
51153,VA,Prince William,107132
51155,VA,Pulaski,53866
51157,VA,Rappahannock,74284
51159,VA,Richmond,49517
51161,VA,Roanoke,68948
51163,VA,Rockbridge,54600
51165,VA,Rockingham,61864
51167,VA,Russell,39758
51169,VA,Scott,39820
51171,VA,Shenandoah,57252
51173,VA,Smyth,40932
51175,VA,Southampton,61348
51177,VA,Spotsylvania,88628
51179,VA,Stafford,111108
51181,VA,Surry,57962
51183,VA,Sussex,49487
51185,VA,Tazewell,42099
51187,VA,Warren,69116
51191,VA,Washington,48495
51193,VA,Westmoreland,53853
51195,VA,Wise,38888
51197,VA,Wythe,49364
51199,VA,York,92069
51510,VA,Alexandria,100939
51515,VA,Bedford,
51520,VA,Bristol,37500
51530,VA,Buena Vista,32455
51540,VA,Charlottesville,59471
51550,VA,Chesapeake,78640
51570,VA,Colonial Heights,54550
51580,VA,Covington,40655
51590,VA,Danville,37203
51595,VA,Emporia,27063
51600,VA,Fairfax,116979
51610,VA,Falls Church,127610
51620,VA,Franklin,40417
51630,VA,Fredericksburg,65641
51640,VA,Galax,33575
51650,VA,Hampton,56287
51660,VA,Harrisonburg,46679
51670,VA,Hopewell,39030
51678,VA,Lexington,42632
51680,VA,Lynchburg,46409
51683,VA,Manassas,81493
51685,VA,Manassas Park,88046
51690,VA,Martinsville,34371
51700,VA,Newport News,53215
51710,VA,Norfolk,51590
51720,VA,Norton,29000
51730,VA,Petersburg,38679
51735,VA,Poquoson,97118
51740,VA,Portsmouth,52175
51750,VA,Radford,36297
51760,VA,Richmond,47250
51770,VA,Roanoke,44230
51775,VA,Salem,57165
51790,VA,Staunton,52611
51800,VA,Suffolk,74884
51810,VA,Virginia Beach,76610
51820,VA,Waynesboro,45011
51830,VA,Williamsburg,57463
51840,VA,Winchester,58818
53001,WA,Adams,48294
53003,WA,Asotin,53715
53005,WA,Benton,69023
53007,WA,Chelan,58795
53009,WA,Clallam,52192
53011,WA,Clark,75253
53013,WA,Columbia,53423
53015,WA,Cowlitz,54506
53017,WA,Douglas,62951
53019,WA,Ferry,41939
53021,WA,Franklin,63584
53023,WA,Garfield,55900
53025,WA,Grant,55556
53027,WA,Grays Harbor,51240
53029,WA,Island,68604
53031,WA,Jefferson,55127
53033,WA,King,94974
53035,WA,Kitsap,75411
53037,WA,Kittitas,56004
53039,WA,Klickitat,55773
53041,WA,Lewis,53484
53043,WA,Lincoln,54631
53045,WA,Mason,57634
53047,WA,Okanogan,47240
53049,WA,Pacific,46733
53051,WA,Pend Oreille,50591
53053,WA,Pierce,72113
53055,WA,San Juan,63622
53057,WA,Skagit,67028
53059,WA,Skamania,65181
53061,WA,Snohomish,86691
53063,WA,Spokane,56904
53065,WA,Stevens,51775
53067,WA,Thurston,72003
53069,WA,Wahkiakum,53227
53071,WA,Walla Walla,57858
53073,WA,Whatcom,62984
53075,WA,Whitman,42745
53077,WA,Yakima,51637
54001,WV,Barbour,38459
54003,WV,Berkeley,62515
54005,WV,Boone,40739
54007,WV,Braxton,41466
54009,WV,Brooke,51496
54011,WV,Cabell,40028
54013,WV,Calhoun,38382
54015,WV,Clay,35024
54017,WV,Doddridge,45545
54019,WV,Fayette,41394
54021,WV,Gilmer,42636
54023,WV,Grant,42216
54025,WV,Greenbrier,40200
54027,WV,Hampshire,47857
54029,WV,Hancock,45763
54031,WV,Hardy,47438
54033,WV,Harrison,53022
54035,WV,Jackson,47837
54037,WV,Jefferson,80430
54039,WV,Kanawha,46639
54041,WV,Lewis,39908
54043,WV,Lincoln,42345
54045,WV,Logan,36168
54047,WV,McDowell,27682
54049,WV,Marion,50305
54051,WV,Marshall,48557
54053,WV,Mason,46078
54055,WV,Mercer,40784
54057,WV,Mineral,49936
54059,WV,Mingo,32764
54061,WV,Monongalia,52455
54063,WV,Monroe,38540
54065,WV,Morgan,51745
54067,WV,Nicholas,40086
54069,WV,Ohio,50584
54071,WV,Pendleton,42312
54073,WV,Pleasants,56838
54075,WV,Pocahontas,41882
54077,WV,Preston,51888
54079,WV,Putnam,60097
54081,WV,Raleigh,43748
54083,WV,Randolph,43320
54085,WV,Ritchie,43577
54087,WV,Roane,37373
54089,WV,Summers,38187
54091,WV,Taylor,48578
54093,WV,Tucker,49118
54095,WV,Tyler,43087
54097,WV,Upshur,40322
54099,WV,Wayne,37988
54101,WV,Webster,34927
54103,WV,Wetzel,43107
54105,WV,Wirt,46048
54107,WV,Wood,47321
54109,WV,Wyoming,42332
55001,WI,Adams,46369
55003,WI,Ashland,42510
55005,WI,Barron,52703
55007,WI,Bayfield,56096
55009,WI,Brown,62340
55011,WI,Buffalo,57829
55013,WI,Burnett,52672
55015,WI,Calumet,75814
55017,WI,Chippewa,59742
55019,WI,Clark,54012
55021,WI,Columbia,68005
55023,WI,Crawford,50595
55025,WI,Dane,73893
55027,WI,Dodge,60652
55029,WI,Door,61560
55031,WI,Douglas,53986
55033,WI,Dunn,58783
55035,WI,Eau Claire,59476
55037,WI,Florence,52181
55039,WI,Fond du Lac,62391
55041,WI,Forest,45536
55043,WI,Grant,54800
55045,WI,Green,64502
55047,WI,Green Lake,55075
55049,WI,Iowa,64124
55051,WI,Iron,43798
55053,WI,Jackson,53650
55055,WI,Jefferson,66291
55057,WI,Juneau,53490
55059,WI,Kenosha,63733
55061,WI,Kewaunee,66192
55063,WI,La Crosse,57882
55065,WI,Lafayette,60691
55067,WI,Langlade,49491
55069,WI,Lincoln,58541
55071,WI,Manitowoc,56612
55073,WI,Marathon,62633
55075,WI,Marinette,50330
55077,WI,Marquette,52288
55078,WI,Menominee,40921
55079,WI,Milwaukee,50606
55081,WI,Monroe,59587
55083,WI,Oconto,60908
55085,WI,Oneida,56852
55087,WI,Outagamie,65572
55089,WI,Ozaukee,85215
55091,WI,Pepin,54583
55093,WI,Pierce,72323
55095,WI,Polk,59994
55097,WI,Portage,58853
55099,WI,Price,47956
55101,WI,Racine,61336
55103,WI,Richland,51947
55105,WI,Rock,57875
55107,WI,Rusk,47532
55109,WI,St. Croix,84756
55111,WI,Sauk,59943
55113,WI,Sawyer,47714
55115,WI,Shawano,56531
55117,WI,Sheboygan,60696
55119,WI,Taylor,53020
55121,WI,Trempealeau,58548
55123,WI,Vernon,52459
55125,WI,Vilas,47072
55127,WI,Walworth,63776
55129,WI,Washburn,50280
55131,WI,Washington,77663
55133,WI,Waukesha,87277
55135,WI,Waupaca,58693
55137,WI,Waushara,52810
55139,WI,Winnebago,58543
55141,WI,Wood,54913
56001,WY,Albany,49322
56003,WY,Big Horn,52804
56005,WY,Campbell,82659
56007,WY,Carbon,60161
56009,WY,Converse,69647
56011,WY,Crook,65132
56013,WY,Fremont,55896
56015,WY,Goshen,54289
56017,WY,Hot Springs,51413
56019,WY,Johnson,58132
56021,WY,Laramie,66910
56023,WY,Lincoln,66964
56025,WY,Natrona,62772
56027,WY,Niobrara,39150
56029,WY,Park,63582
56031,WY,Platte,50903
56033,WY,Sheridan,60807
56035,WY,Sublette,77403
56037,WY,Sweetwater,74843
56039,WY,Teton,84678
56041,WY,Uinta,63403
56043,WY,Washakie,54158
56045,WY,Weston,57031
72001,PR,Adjuntas,14012
72003,PR,Aguada,16738
72005,PR,Aguadilla,16269
72007,PR,Aguas Buenas,19279
72009,PR,Aibonito,20521
72011,PR,Añasco,19919
72013,PR,Arecibo,18647
72015,PR,Arroyo,17570
72017,PR,Barceloneta,17154
72019,PR,Barranquitas,17036
72021,PR,Bayamón,26420
72023,PR,Cabo Rojo,16708
72025,PR,Caguas,25136
72027,PR,Camuy,17000
72029,PR,Canóvanas,21267
72031,PR,Carolina,29059
72033,PR,Cataño,17448
72035,PR,Cayey,22518
72037,PR,Ceiba,18309
72039,PR,Ciales,16867
72041,PR,Cidra,19726
72043,PR,Coamo,19692
72045,PR,Comerío,13733
72047,PR,Corozal,15140
72049,PR,Culebra,23333
72051,PR,Dorado,30732
72053,PR,Fajardo,19430
72054,PR,Florida,20442
72055,PR,Guánica,12995
72057,PR,Guayama,17261
72059,PR,Guayanilla,17379
72061,PR,Guaynabo,35928
72063,PR,Gurabo,35018
72065,PR,Hatillo,17715
72067,PR,Hormigueros,19030
72069,PR,Humacao,20434
72071,PR,Isabela,16540
72073,PR,Jayuya,14808
72075,PR,Juana Díaz,20657
72077,PR,Juncos,19605
72079,PR,Lajas,13992
72081,PR,Lares,16532
72083,PR,Las Marías,14135
72085,PR,Las Piedras,21667
72087,PR,Loíza,17852
72089,PR,Luquillo,21850
72091,PR,Manatí,18502
72093,PR,Maricao,12441
72095,PR,Maunabo,20844
72097,PR,Mayagüez,14236
72099,PR,Moca,15037
72101,PR,Morovis,20941
72103,PR,Naguabo,19432
72105,PR,Naranjito,18883
72107,PR,Orocovis,15099
72109,PR,Patillas,16007
72111,PR,Peñuelas,16718
72113,PR,Ponce,17069
72115,PR,Quebradillas,17473
72117,PR,Rincón,19907
72119,PR,Río Grande,22669
72121,PR,Sabana Grande,17319
72123,PR,Salinas,18189
72125,PR,San Germán,16486
72127,PR,San Juan,22710
72129,PR,San Lorenzo,19380
72131,PR,San Sebastián,15331
72133,PR,Santa Isabel,19827
72135,PR,Toa Alta,28834
72137,PR,Toa Baja,25105
72139,PR,Trujillo Alto,32545
72141,PR,Utuado,15399
72143,PR,Vega Alta,20048
72145,PR,Vega Baja,19617
72147,PR,Vieques,14936
72149,PR,Villalba,19877
72151,PR,Yabucoa,16295
72153,PR,Yauco,14743
